author,year,N,n_exp,n_ctrl,analysis_n,design_family,region,country,income_status,outcome_name,outcome_type,Brain Health,Mental Health,General health,Well-being,"Pro-environmental attitudes, perceptions, and behaviors",predictor_category,d_computed,d_se,transformed_effect_type,original_effect_size,effect_size_type_orig,es_pool,conversion_method,effect_size_SE,QC_flag,analysis_family
Sun,2025,8015,,,1,observational,Asia,Thailand,upper-middle income,memory score,continuous,yes,no,no,no,no,environmental,-0.776675620480407,0.454308789549158,Cohen's d,-0.362,standardized coefficient,d_from_std_beta,std_beta_as_r_to_d: d=2r/sqrt(1-r2),0.184,,d_from_std_beta
Sun,2025,8015,,,2,observational,Asia,Thailand,upper-middle income,memory score,continuous,yes,no,no,no,no,environmental,-1.2898949911886,0.498731654172888,Cohen's d,-0.542,standardized coefficient,d_from_std_beta,std_beta_as_r_to_d: d=2r/sqrt(1-r2),0.148,,d_from_std_beta
Sun,2025,8015,,,3,observational,Asia,Thailand,upper-middle income,memory score,continuous,yes,no,no,no,no,environmental,0.188836129125886,0.579665895190365,Cohen's d,0.094,standardized coefficient,d_from_std_beta,std_beta_as_r_to_d: d=2r/sqrt(1-r2),0.286,,d_from_std_beta
Sun,2025,5425,,,4,observational,Asia,Thailand,upper-middle income,calculation score,continuous,yes,no,no,no,no,environmental,0.36597765571301,0.399245295263607,Cohen's d,0.18,standardized coefficient,d_from_std_beta,std_beta_as_r_to_d: d=2r/sqrt(1-r2),0.19,,d_from_std_beta
Sun,2025,5425,,,5,observational,Asia,Thailand,upper-middle income,calculation score,continuous,yes,no,no,no,no,environmental,0.633583319845024,0.597902197300113,Cohen's d,0.302,standardized coefficient,d_from_std_beta,std_beta_as_r_to_d: d=2r/sqrt(1-r2),0.259,,d_from_std_beta
Sun,2025,5425,,,6,observational,Asia,Thailand,upper-middle income,calculation score,continuous,yes,no,no,no,no,environmental,0.718273170294969,0.484629906358011,Cohen's d,0.338,standardized coefficient,d_from_std_beta,std_beta_as_r_to_d: d=2r/sqrt(1-r2),0.202,,d_from_std_beta
Sun,2025,6616,,,7,observational,Asia,Thailand,upper-middle income,orientation to time score,continuous,yes,no,no,no,no,environmental,-0.217270840179399,0.248332124622772,Cohen's d,-0.108,standardized coefficient,d_from_std_beta,std_beta_as_r_to_d: d=2r/sqrt(1-r2),0.122,,d_from_std_beta
Sun,2025,6616,,,8,observational,Asia,Thailand,upper-middle income,orientation to time score,continuous,yes,no,no,no,no,environmental,-0.556351960007806,0.241550671556417,Cohen's d,-0.268,standardized coefficient,d_from_std_beta,std_beta_as_r_to_d: d=2r/sqrt(1-r2),0.108,,d_from_std_beta
Sun,2025,6616,,,9,observational,Asia,Thailand,upper-middle income,orientation to time score,continuous,yes,no,no,no,no,environmental,-0.801523127126126,0.447623000417697,Cohen's d,-0.372,standardized coefficient,d_from_std_beta,std_beta_as_r_to_d: d=2r/sqrt(1-r2),0.179,,d_from_std_beta
Sun,2025,8015,,,10,observational,Asia,Thailand,upper-middle income,memory score,continuous,yes,no,no,no,no,environmental,-0.663792570556192,0.397698937359682,Cohen's d,-0.315,standardized coefficient,d_from_std_beta,std_beta_as_r_to_d: d=2r/sqrt(1-r2),0.17,,d_from_std_beta
Sun,2025,8015,,,11,observational,Asia,Thailand,upper-middle income,memory score,continuous,yes,no,no,no,no,environmental,1.09727090540407,1.15153752997527,Cohen's d,0.481,standardized coefficient,d_from_std_beta,std_beta_as_r_to_d: d=2r/sqrt(1-r2),0.388,,d_from_std_beta
Sun,2025,8015,,,12,observational,Asia,Thailand,upper-middle income,memory score,continuous,yes,no,no,no,no,environmental,-1.79046531773068,1.11704900371084,Cohen's d,-0.667,standardized coefficient,d_from_std_beta,std_beta_as_r_to_d: d=2r/sqrt(1-r2),0.231,,d_from_std_beta
Sun,2025,8015,,,14,observational,Asia,Thailand,upper-middle income,memory score,continuous,yes,no,no,no,no,environmental,-0.297228949036552,0.533188812084069,Cohen's d,-0.147,standardized coefficient,d_from_std_beta,std_beta_as_r_to_d: d=2r/sqrt(1-r2),0.258,,d_from_std_beta
Sun,2025,8015,,,16,observational,Asia,Thailand,upper-middle income,memory score,continuous,yes,no,no,no,no,other,-1.47292148294518,2.12238654063327,Cohen's d,-0.593,standardized coefficient,d_from_std_beta,std_beta_as_r_to_d: d=2r/sqrt(1-r2),0.554,,d_from_std_beta
Sun,2025,5425,,,17,observational,Asia,Thailand,upper-middle income,calculation score,continuous,yes,no,no,no,no,environmental,0.730303571597872,0.530872957575714,Cohen's d,0.343,standardized coefficient,d_from_std_beta,std_beta_as_r_to_d: d=2r/sqrt(1-r2),0.22,,d_from_std_beta
Sun,2025,5425,,,18,observational,Asia,Thailand,upper-middle income,calculation score,continuous,yes,no,no,no,no,environmental,-0.645154840465296,0.610200432131811,Cohen's d,-0.307,standardized coefficient,d_from_std_beta,std_beta_as_r_to_d: d=2r/sqrt(1-r2),0.263,,d_from_std_beta
Sun,2025,5425,,,19,observational,Asia,Thailand,upper-middle income,calculation score,continuous,yes,no,no,no,no,environmental,0.796528209922106,0.646008280553209,Cohen's d,0.37,standardized coefficient,d_from_std_beta,std_beta_as_r_to_d: d=2r/sqrt(1-r2),0.259,,d_from_std_beta
Sun,2025,5425,,,20,observational,Asia,Thailand,upper-middle income,calculation score,continuous,yes,no,no,no,no,environmental,0.0600270182386795,0.702948767283105,Cohen's d,0.03,standardized coefficient,d_from_std_beta,std_beta_as_r_to_d: d=2r/sqrt(1-r2),0.351,,d_from_std_beta
Sun,2025,5425,,,21,observational,Asia,Thailand,upper-middle income,calculation score,continuous,yes,no,no,no,no,environmental,0.583333333333333,0.574182581018519,Cohen's d,0.28,standardized coefficient,d_from_std_beta,std_beta_as_r_to_d: d=2r/sqrt(1-r2),0.254,,d_from_std_beta
Sun,2025,5425,,,22,observational,Asia,Thailand,upper-middle income,calculation score,continuous,yes,no,no,no,no,environmental,3.05919438381423,3.94264229866453,Cohen's d,0.837,standardized coefficient,d_from_std_beta,std_beta_as_r_to_d: d=2r/sqrt(1-r2),0.323,,d_from_std_beta
Sun,2025,5425,,,23,observational,Asia,Thailand,upper-middle income,calculation score,continuous,yes,no,no,no,no,other,-0.245836373049481,0.779334517681267,Cohen's d,-0.122,standardized coefficient,d_from_std_beta,std_beta_as_r_to_d: d=2r/sqrt(1-r2),0.381,,d_from_std_beta
Sun,2025,6616,,,24,observational,Asia,Thailand,upper-middle income,orientation to time score,continuous,yes,no,no,no,no,environmental,-0.355485701283318,0.22212535668288,Cohen's d,-0.175,standardized coefficient,d_from_std_beta,std_beta_as_r_to_d: d=2r/sqrt(1-r2),0.106,,d_from_std_beta
Sun,2025,6616,,,25,observational,Asia,Thailand,upper-middle income,orientation to time score,continuous,yes,no,no,no,no,environmental,0.617479535714065,0.394339348378464,Cohen's d,0.295,standardized coefficient,d_from_std_beta,std_beta_as_r_to_d: d=2r/sqrt(1-r2),0.172,,d_from_std_beta
Sun,2025,6616,,,26,observational,Asia,Thailand,upper-middle income,orientation to time score,continuous,yes,no,no,no,no,environmental,-0.791546123810157,0.253761307844375,Cohen's d,-0.368,standardized coefficient,d_from_std_beta,std_beta_as_r_to_d: d=2r/sqrt(1-r2),0.102,,d_from_std_beta
Sun,2025,6616,,,27,observational,Asia,Thailand,upper-middle income,orientation to time score,continuous,yes,no,no,no,no,environmental,-0.0120002160058322,0.444023977078965,Cohen's d,-0.006,standardized coefficient,d_from_std_beta,std_beta_as_r_to_d: d=2r/sqrt(1-r2),0.222,,d_from_std_beta
Sun,2025,6616,,,28,observational,Asia,Thailand,upper-middle income,orientation to time score,continuous,yes,no,no,no,no,environmental,-0.844515974670613,0.416967701942657,Cohen's d,-0.389,standardized coefficient,d_from_std_beta,std_beta_as_r_to_d: d=2r/sqrt(1-r2),0.163,,d_from_std_beta
Sun,2025,6616,,,29,observational,Asia,Thailand,upper-middle income,orientation to time score,continuous,yes,no,no,no,no,environmental,-0.448897039025062,0.719108385756725,Cohen's d,-0.219,standardized coefficient,d_from_std_beta,std_beta_as_r_to_d: d=2r/sqrt(1-r2),0.334,,d_from_std_beta
Sun,2025,6616,,,30,observational,Asia,Thailand,upper-middle income,orientation to time score,continuous,yes,no,no,no,no,other,-0.272494524291101,0.688742446928749,Cohen's d,-0.135,standardized coefficient,d_from_std_beta,std_beta_as_r_to_d: d=2r/sqrt(1-r2),0.335,,d_from_std_beta
Sun,2025,10051,,,31,observational,Asia,Thailand,upper-middle income,depressive symptoms,binary,no,yes,no,no,no,environmental,-0.0100001250023438,0.0380014250445326,Cohen's d,-0.005,standardized coefficient,d_from_std_beta,std_beta_as_r_to_d: d=2r/sqrt(1-r2),0.019,,d_from_std_beta
Sun,2025,10051,,,32,observational,Asia,Thailand,upper-middle income,depressive symptoms,binary,no,yes,no,no,no,environmental,0.0100001250023438,0.0620023250726584,Cohen's d,0.005,standardized coefficient,d_from_std_beta,std_beta_as_r_to_d: d=2r/sqrt(1-r2),0.031,,d_from_std_beta
Sun,2025,10051,,,33,observational,Asia,Thailand,upper-middle income,depressive symptoms,binary,no,yes,no,no,no,environmental,0.0380068608576331,0.0500270872227415,Cohen's d,0.019,standardized coefficient,d_from_std_beta,std_beta_as_r_to_d: d=2r/sqrt(1-r2),0.025,,d_from_std_beta
Sun,2025,10051,,,34,observational,Asia,Thailand,upper-middle income,depressive symptoms,binary,no,yes,no,no,no,environmental,-0.162534070468867,0.0828136724708036,Cohen's d,-0.081,standardized coefficient,d_from_std_beta,std_beta_as_r_to_d: d=2r/sqrt(1-r2),0.041,,d_from_std_beta
Sun,2025,10051,,,35,observational,Asia,Thailand,upper-middle income,depressive symptoms,binary,no,yes,no,no,no,environmental,-0.0220013311208004,0.048008713317876,Cohen's d,-0.011,standardized coefficient,d_from_std_beta,std_beta_as_r_to_d: d=2r/sqrt(1-r2),0.024,,d_from_std_beta
Sun,2025,10051,,,36,observational,Asia,Thailand,upper-middle income,depressive symptoms,binary,no,yes,no,no,no,environmental,-0.14034426569431,0.0664880883172147,Cohen's d,-0.07,standardized coefficient,d_from_std_beta,std_beta_as_r_to_d: d=2r/sqrt(1-r2),0.033,,d_from_std_beta
Sun,2025,1447,,,37,observational,Asia,Thailand,upper-middle income,diabetes severity,binary,no,no,yes,no,no,environmental,0.536299992267908,0.27078457355669,Cohen's d,0.259,standardized coefficient,d_from_std_beta,std_beta_as_r_to_d: d=2r/sqrt(1-r2),0.122,,d_from_std_beta
Sun,2025,1447,,,38,observational,Asia,Thailand,upper-middle income,diabetes severity,binary,no,no,yes,no,no,environmental,-0.0300033755696381,0.280094526585104,Cohen's d,-0.015,standardized coefficient,d_from_std_beta,std_beta_as_r_to_d: d=2r/sqrt(1-r2),0.14,,d_from_std_beta
Sun,2025,1447,,,39,observational,Asia,Thailand,upper-middle income,diabetes severity,binary,no,no,yes,no,no,environmental,0.682587390978074,0.226505347390695,Cohen's d,0.323,standardized coefficient,d_from_std_beta,std_beta_as_r_to_d: d=2r/sqrt(1-r2),0.096,,d_from_std_beta
Sun,2025,1447,,,40,observational,Asia,Thailand,upper-middle income,diabetes severity,binary,no,no,yes,no,no,environmental,-0.313792346826967,0.161795544753036,Cohen's d,-0.155,standardized coefficient,d_from_std_beta,std_beta_as_r_to_d: d=2r/sqrt(1-r2),0.078,,d_from_std_beta
Sun,2025,1447,,,41,observational,Asia,Thailand,upper-middle income,diabetes severity,binary,no,no,yes,no,no,environmental,0.859928415764559,0.278586057771591,Cohen's d,0.395,standardized coefficient,d_from_std_beta,std_beta_as_r_to_d: d=2r/sqrt(1-r2),0.108,,d_from_std_beta
Sun,2025,7890,,,42,observational,Asia,Thailand,upper-middle income,sleep duration (hours),continuous,yes,no,no,no,no,environmental,-0.144374705485927,0.181408805103063,Cohen's d,-0.072,standardized coefficient,d_from_std_beta,std_beta_as_r_to_d: d=2r/sqrt(1-r2),0.09,,d_from_std_beta
Sun,2025,7890,,,43,observational,Asia,Thailand,upper-middle income,sleep duration (hours),continuous,yes,no,no,no,no,environmental,-0.16859585914731,0.214263762604352,Cohen's d,-0.084,standardized coefficient,d_from_std_beta,std_beta_as_r_to_d: d=2r/sqrt(1-r2),0.106,,d_from_std_beta
Sun,2025,7890,,,44,observational,Asia,Thailand,upper-middle income,sleep duration (hours),continuous,yes,no,no,no,no,environmental,-0.266330467154263,0.158114424913004,Cohen's d,-0.132,standardized coefficient,d_from_std_beta,std_beta_as_r_to_d: d=2r/sqrt(1-r2),0.077,,d_from_std_beta
Sun,2025,7890,,,45,observational,Asia,Thailand,upper-middle income,sleep duration (hours),continuous,yes,no,no,no,no,environmental,0.108157809212737,0.279220419345969,Cohen's d,0.054,standardized coefficient,d_from_std_beta,std_beta_as_r_to_d: d=2r/sqrt(1-r2),0.139,,d_from_std_beta
Sun,2025,7890,,,46,observational,Asia,Thailand,upper-middle income,sleep duration (hours),continuous,yes,no,no,no,no,environmental,-0.39339634033802,0.21383579315961,Cohen's d,-0.193,standardized coefficient,d_from_std_beta,std_beta_as_r_to_d: d=2r/sqrt(1-r2),0.101,,d_from_std_beta
Sun,2025,7890,,,47,observational,Asia,Thailand,upper-middle income,sleep duration (hours),continuous,yes,no,no,no,no,environmental,-0.196948026123754,0.294228461861435,Cohen's d,-0.098,standardized coefficient,d_from_std_beta,std_beta_as_r_to_d: d=2r/sqrt(1-r2),0.145,,d_from_std_beta
Malboeuf-Hurtubise,2025,238,169,69,1,quasi-experimental,Europe,United Kingdom,high income,global eco-anxiety,continuous,no,yes,no,no,no,other,0.240185502539708,0.0657485833254774,Cohen's d,0.240185502539708,"Cohen's d_z (within, from F via partial eta2)",d_converted,d_derived_from_partial_eta2),0.0657485833254774,,d_converted
Malboeuf-Hurtubise,2025,238,169,69,2,quasi-experimental,Europe,United Kingdom,high income,global eco-anxiety,continuous,no,yes,no,no,no,other,0.308068332107074,0.143559381246034,Cohen's d,0.308068332107074,"Cohen's d (interaction, from F via partial eta2)",d_converted,d_derived_from_partial_eta2),0.143559381246034,,d_converted
Malboeuf-Hurtubise,2025,238,169,69,3,quasi-experimental,Europe,United Kingdom,high income,rumination eco-anxiety,continuous,no,yes,no,no,no,other,0.167658115513324,0.0652742959000463,Cohen's d,0.167658115513324,"Cohen's d_z (within, from F via partial eta2)",d_converted,d_derived_from_partial_eta2),0.0652742959000463,,d_converted
Malboeuf-Hurtubise,2025,238,169,69,4,quasi-experimental,Europe,United Kingdom,high income,rumination eco-anxiety,continuous,no,yes,no,no,no,other,0.147086736960516,0.143022250135982,Cohen's d,0.147086736960516,"Cohen's d (interaction, from F via partial eta2)",d_converted,d_derived_from_partial_eta2),0.143022250135982,,d_converted
Malboeuf-Hurtubise,2025,238,169,69,5,quasi-experimental,Europe,United Kingdom,high income,affective eco-anxiety,continuous,no,yes,no,no,no,other,0.0204980015422697,0.064827180860288,Cohen's d,0.0204980015422697,"Cohen's d_z (within, from F via partial eta2)",d_converted,d_derived_from_partial_eta2),0.064827180860288,,d_converted
Malboeuf-Hurtubise,2025,238,169,69,6,quasi-experimental,Europe,United Kingdom,high income,affective eco-anxiety,continuous,no,yes,no,no,no,other,0.19640452209786,0.143146612773331,Cohen's d,0.19640452209786,"Cohen's d (interaction, from F via partial eta2)",d_converted,d_derived_from_partial_eta2),0.143146612773331,,d_converted
Malboeuf-Hurtubise,2025,238,169,69,7,quasi-experimental,Europe,United Kingdom,high income,behavioral eco-anxiety,continuous,no,no,no,no,yes,other,0.0204980015422697,0.064827180860288,Cohen's d,0.0204980015422697,"Cohen's d_z (within, from F via partial eta2)",d_converted,d_derived_from_partial_eta2),0.064827180860288,,d_converted
Malboeuf-Hurtubise,2025,238,169,69,8,quasi-experimental,Europe,United Kingdom,high income,behavioral eco-anxiety,continuous,no,no,no,no,yes,other,0.224072280594443,0.143231955900136,Cohen's d,0.224072280594443,"Cohen's d (interaction, from F via partial eta2)",d_converted,d_derived_from_partial_eta2),0.143231955900136,,d_converted
Malboeuf-Hurtubise,2025,238,169,69,9,quasi-experimental,Europe,United Kingdom,high income,personal impact on planet,continuous,no,no,no,no,yes,other,1.06692048800794,0.0811979546008878,Cohen's d,1.06692048800794,"Cohen's d_z (within, from F via partial eta2)",d_converted,d_derived_from_partial_eta2),0.0811979546008878,,d_converted
Malboeuf-Hurtubise,2025,238,169,69,10,quasi-experimental,Europe,United Kingdom,high income,personal impact on planet,continuous,no,no,no,no,yes,other,0.131713425202318,0.142990767745356,Cohen's d,0.131713425202318,"Cohen's d (interaction, from F via partial eta2)",d_converted,d_derived_from_partial_eta2),0.142990767745356,,d_converted
Malboeuf-Hurtubise,2025,238,169,69,11,quasi-experimental,Europe,United Kingdom,high income,intolerance to distress,continuous,no,yes,no,no,no,other,0.181612756372758,0.0653526823865739,Cohen's d,0.181612756372758,"Cohen's d_z (within, from F via partial eta2)",d_converted,d_derived_from_partial_eta2),0.0653526823865739,,d_converted
Malboeuf-Hurtubise,2025,238,169,69,12,quasi-experimental,Europe,United Kingdom,high income,intolerance to distress,continuous,no,yes,no,no,no,other,0.19588424430419,0.143145115071332,Cohen's d,0.19588424430419,"Cohen's d (interaction, from F via partial eta2)",d_converted,d_derived_from_partial_eta2),0.143145115071332,,d_converted
Malboeuf-Hurtubise,2025,238,169,69,13,quasi-experimental,Europe,United Kingdom,high income,anxiety,continuous,no,yes,no,no,no,other,0.0741903071881514,0.0649095071709675,Cohen's d,0.0741903071881514,"Cohen's d_z (within, from F via partial eta2)",d_converted,d_derived_from_partial_eta2),0.0649095071709675,,d_converted
Malboeuf-Hurtubise,2025,238,169,69,14,quasi-experimental,Europe,United Kingdom,high income,anxiety,continuous,no,yes,no,no,no,other,0.170839621114945,0.143077702255104,Cohen's d,0.170839621114945,"Cohen's d (interaction, from F via partial eta2)",d_converted,d_derived_from_partial_eta2),0.143077702255104,,d_converted
Malboeuf-Hurtubise,2025,238,169,69,15,quasi-experimental,Europe,United Kingdom,high income,depression,continuous,no,yes,no,no,no,other,0.0040996003084539,0.06482064470915,Cohen's d,0.0040996003084539,"Cohen's d_z (within, from F via partial eta2)",d_converted,d_derived_from_partial_eta2),0.06482064470915,,d_converted
Malboeuf-Hurtubise,2025,238,169,69,16,quasi-experimental,Europe,United Kingdom,high income,depression,continuous,no,yes,no,no,no,other,0.110661411665952,0.142953279668854,Cohen's d,0.110661411665952,"Cohen's d (interaction, from F via partial eta2)",d_converted,d_derived_from_partial_eta2),0.142953279668854,,d_converted
Malboeuf-Hurtubise,2025,238,169,69,17,quasi-experimental,Europe,United Kingdom,high income,hope,continuous,no,no,no,yes,no,other,0.212132034355964,0.0655455451376747,Cohen's d,0.212132034355964,"Cohen's d_z (within, from F via partial eta2)",d_converted,d_derived_from_partial_eta2),0.0655455451376747,,d_converted
Malboeuf-Hurtubise,2025,238,169,69,18,quasi-experimental,Europe,United Kingdom,high income,hope,continuous,no,no,no,yes,no,other,0.204549070988673,0.143170573874542,Cohen's d,0.204549070988673,"Cohen's d (interaction, from F via partial eta2)",d_converted,d_derived_from_partial_eta2),0.143170573874542,,d_converted
Malboeuf-Hurtubise,2025,238,169,69,19,quasi-experimental,Europe,United Kingdom,high income,"global eco-anxiety (sensitivity, abi only)",continuous,no,yes,no,no,no,other,0.51430776534004,0.144795068523144,Cohen's d,0.51430776534004,Cohen's d (from t-statistic),d_converted,d_derived_from_t-statistic),0.144795068523144,,d_converted
Colombo,2025,43,,,5,RCT,Europe,France,high income,response time (incongruency),continuous,yes,no,no,no,no,other,0.489660537373051,0.161380938972029,Cohen's d,0.489660537373051,"Cohen's d_z (within, from F via eta squared)",d_converted,d_derived_from_eta_squared),0.161380938972029,,d_converted
Colombo,2025,44,23,21,11,RCT,Europe,France,high income,observing (mindfulness),continuous,no,no,no,yes,no,policy/intervention,0.703239258393226,0.168365992522292,Cohen's d,0.703239258393226,"Cohen's d_z (within, from F via eta squared)",d_converted,d_derived_from_eta_squared),0.168365992522292,,d_converted
Eweida,2025,140,70,70,1,RCT,Africa,Egypt,lower-middle income,climate change perception - reality,continuous,no,no,no,no,yes,other,0.029,0.245762711864407,Cohen's d,0.029,Cohen d,d_direct,d_direct,0.245762711864407,,d_direct
Eweida,2025,140,70,70,2,RCT,Africa,Egypt,lower-middle income,climate change perception - reality,continuous,no,no,no,no,yes,other,0.106,0.241457858769932,Cohen's d,0.106,Cohen d,d_direct,d_direct,0.241457858769932,,d_direct
Eweida,2025,140,70,70,3,RCT,Africa,Egypt,lower-middle income,climate change perception - reality,continuous,no,no,no,no,yes,other,0.016,0.238805970149254,Cohen's d,0.016,Cohen d,d_direct,d_direct,0.238805970149254,,d_direct
Eweida,2025,140,70,70,5,RCT,Africa,Egypt,lower-middle income,climate change perception - reality,continuous,no,no,no,no,yes,policy/intervention,0.0398210281850467,0.0845489231638302,Cohen's d,0.0398210281850467,"Cohen's d_z (within, from F via eta squared)",d_converted,d_derived_from_eta_squared),0.0845489231638302,,d_converted
Eweida,2025,140,70,70,6,RCT,Africa,Egypt,lower-middle income,climate change perception - causes,continuous,no,no,no,no,yes,other,0.08774,0.24202626641651,Cohen's d,0.08774,Cohen d,d_direct,d_direct,0.24202626641651,,d_direct
Eweida,2025,140,70,70,7,RCT,Africa,Egypt,lower-middle income,climate change perception - causes,continuous,no,no,no,no,yes,other,1.516456,0.24249860568879,Cohen's d,1.516456,Cohen d,d_direct,d_direct,0.24249860568879,,d_direct
Eweida,2025,140,70,70,11,RCT,Africa,Egypt,lower-middle income,climate change perception - valence of consequences,continuous,no,no,no,no,yes,other,0.076921,0.241758241758242,Cohen's d,0.076921,Cohen d,d_direct,d_direct,0.241758241758242,,d_direct
Eweida,2025,140,70,70,12,RCT,Africa,Egypt,lower-middle income,climate change perception - valence of consequences,continuous,no,no,no,no,yes,other,1.182295,0.242601858470336,Cohen's d,1.182295,Cohen d,d_direct,d_direct,0.242601858470336,,d_direct
Eweida,2025,140,70,70,16,RCT,Africa,Egypt,lower-middle income,climate change perception - spatial distance,continuous,no,no,no,no,yes,other,0.011,0.25,Cohen's d,0.011,Cohen d,d_direct,d_direct,0.25,,d_direct
Eweida,2025,140,70,70,17,RCT,Africa,Egypt,lower-middle income,climate change perception - spatial distance,continuous,no,no,no,no,yes,other,0.346,0.2428070175438,Cohen's d,0.346,Cohen d,d_direct,d_direct,0.0002428070175438,,d_direct
Eweida,2025,140,70,70,18,RCT,Africa,Egypt,lower-middle income,climate change perception - spatial distance,continuous,no,no,no,no,yes,other,0.409,0.2427299703264,Cohen's d,0.409,Cohen d,d_direct,d_direct,0.0002427299703264,,d_direct
Eweida,2025,140,70,70,20,RCT,Africa,Egypt,lower-middle income,climate change perception - spatial distance,continuous,no,no,no,no,yes,policy/intervention,2.94715359045203,0.195354204731105,Cohen's d,2.94715359045203,"Cohen's d_z (within, from F via eta squared)",d_converted,d_derived_from_eta_squared),0.195354204731105,,d_converted
Eweida,2025,140,70,70,21,RCT,Africa,Egypt,lower-middle income,climate change perception - temporal distance,continuous,no,no,no,no,yes,other,0.075,0.241935483870968,Cohen's d,0.075,Cohen d,d_direct,d_direct,0.241935483870968,,d_direct
Eweida,2025,140,70,70,22,RCT,Africa,Egypt,lower-middle income,climate change perception - temporal distance,continuous,no,no,no,no,yes,other,0.804,0.2426071213035,Cohen's d,0.804,Cohen d,d_direct,d_direct,0.0002426071213035,,d_direct
Eweida,2025,140,70,70,25,RCT,Africa,Egypt,lower-middle income,climate change perception - temporal distance,continuous,no,no,no,no,yes,policy/intervention,6.63109557851706,0.40519584581951,Cohen's d,6.63109557851706,"Cohen's d_z (within, from F via eta squared)",d_converted,d_derived_from_eta_squared),0.40519584581951,,d_converted
Eweida,2025,140,70,70,26,RCT,Africa,Egypt,lower-middle income,climate change perception - total,continuous,no,no,no,no,yes,other,0.048535,0.24390243902439,Cohen's d,0.048535,Cohen d,d_direct,d_direct,0.24390243902439,,d_direct
Eweida,2025,140,70,70,31,RCT,Africa,Egypt,lower-middle income,climate change anxiety - cognitive impairment,continuous,yes,no,no,no,no,other,0.06327,0.24234693877551,Cohen's d,0.06327,Cohen d,d_direct,d_direct,0.24234693877551,,d_direct
Eweida,2025,140,70,70,32,RCT,Africa,Egypt,lower-middle income,climate change anxiety - cognitive impairment,continuous,yes,no,no,no,no,other,-0.981147,0.24257167680278,Cohen's d,-0.981147,Cohen d,d_direct,d_direct,0.24257167680278,,d_direct
Eweida,2025,140,70,70,36,RCT,Africa,Egypt,lower-middle income,climate change anxiety - functional impairment,continuous,yes,no,no,no,no,other,0.045,0.240641711229947,Cohen's d,0.045,Cohen d,d_direct,d_direct,0.240641711229947,,d_direct
Eweida,2025,140,70,70,37,RCT,Africa,Egypt,lower-middle income,climate change anxiety - functional impairment,continuous,yes,no,no,no,no,other,0.085,0.243553008595989,Cohen's d,0.085,Cohen d,d_direct,d_direct,0.243553008595989,,d_direct
Eweida,2025,140,70,70,38,RCT,Africa,Egypt,lower-middle income,climate change anxiety - functional impairment,continuous,yes,no,no,no,no,other,0.145,0.242881072026801,Cohen's d,0.145,Cohen d,d_direct,d_direct,0.242881072026801,,d_direct
Eweida,2025,140,70,70,40,RCT,Africa,Egypt,lower-middle income,climate change anxiety - functional impairment,continuous,yes,no,no,no,no,policy/intervention,0.0577556428906673,0.0845858759377904,Cohen's d,0.0577556428906673,"Cohen's d_z (within, from F via eta squared)",d_converted,d_derived_from_eta_squared),0.0845858759377904,,d_converted
Eweida,2025,140,70,70,41,RCT,Africa,Egypt,lower-middle income,climate change anxiety - total,continuous,no,yes,no,no,no,other,0.062,0.243137254901961,Cohen's d,0.062,Cohen d,d_direct,d_direct,0.243137254901961,,d_direct
Eweida,2025,140,70,70,42,RCT,Africa,Egypt,lower-middle income,climate change anxiety - total,continuous,no,yes,no,no,no,other,0.964,0.2425767488676,Cohen's d,0.964,Cohen d,d_direct,d_direct,0.0002425767488676,,d_direct
Eweida,2025,140,70,70,46,RCT,Africa,Egypt,lower-middle income,environmental self-efficacy,continuous,no,no,no,no,yes,other,0.035398,0.242424242424242,Cohen's d,0.035398,Cohen d,d_direct,d_direct,0.242424242424242,,d_direct
Eweida,2025,140,70,70,47,RCT,Africa,Egypt,lower-middle income,environmental self-efficacy,continuous,no,no,no,no,yes,other,1.004348,0.242490718866014,Cohen's d,1.004348,Cohen d,d_direct,d_direct,0.242490718866014,,d_direct
Lindhe,2023,60,30,30,1,RCT,Europe,Sweden,high income,depressive symptomatology,continuous,no,yes,no,no,no,other,0.87,0.270408163265306,Cohen's d,0.87,Cohen's d,d_direct,d_direct,0.270408163265306,DUPLICATE: same effect size extracted by two coders (OLS and AL); retain one per study,d_direct
Lindhe,2023,60,30,30,2,RCT,Europe,Sweden,high income,anxiety,continuous,no,yes,no,no,no,other,0.39,0.260204081632653,Cohen's d,0.39,Cohen's d,d_direct,d_direct,0.260204081632653,DUPLICATE: same effect size extracted by two coders (OLS and AL); retain one per study,d_direct
Lindhe,2023,60,30,30,3,RCT,Europe,Sweden,high income,stress,continuous,no,yes,no,no,no,other,0.76,0.267857142857143,Cohen's d,0.76,Cohen's d,d_direct,d_direct,0.267857142857143,DUPLICATE: same effect size extracted by two coders (OLS and AL); retain one per study,d_direct
Lindhe,2023,60,30,30,4,RCT,Europe,Sweden,high income,perception of insomnia,continuous,yes,no,no,no,no,other,0.26,0.25765306122449,Cohen's d,0.26,Cohen's d,d_direct,d_direct,0.25765306122449,,d_direct
Lindhe,2023,60,30,30,5,RCT,Europe,Sweden,high income,severity of depression,continuous,no,yes,no,no,no,other,0.5,0.262755102040816,Cohen's d,0.5,Cohen's d,d_direct,d_direct,0.262755102040816,,d_direct
Lindhe,2023,60,30,30,6,RCT,Europe,Sweden,high income,subjective quality of life,continuous,no,no,no,yes,no,other,0.79,0.267857142857143,Cohen's d,0.79,Cohen's d,d_direct,d_direct,0.267857142857143,,d_direct
Lindhe,2023,60,30,30,7,RCT,Europe,Sweden,high income,alcohol consumption,continuous,no,no,yes,no,no,other,0.2,0.260204081632653,Cohen's d,0.2,Cohen's d,d_direct,d_direct,0.260204081632653,DUPLICATE: same effect size extracted by two coders (OLS and AL); retain one per study,d_direct
Lindhe,2023,60,30,30,8,RCT,Europe,Sweden,high income,climate change related distress,continuous,no,yes,no,no,no,other,0.79,0.267857142857143,Cohen's d,0.79,Cohen's d,d_direct,d_direct,0.267857142857143,,d_direct
Lindhe,2023,60,30,30,9,RCT,Europe,Sweden,high income,engagement in civic environmental actions,continuous,no,no,no,no,yes,other,0.06,0.25765306122449,Cohen's d,0.06,Cohen's d,d_direct,d_direct,0.25765306122449,,d_direct
Cowlishaw,2023,66,33,33,1,RCT,Oceania,Australia,high income,overall psychological distress,continuous,no,yes,no,no,no,other,-0.44,0.180892858145253,Cohen's d,-0.44,Cohen's d,d_direct,d_direct,0.180892858145253,,d_direct
Cowlishaw,2023,66,33,33,2,RCT,Oceania,Australia,high income,overall psychological distress,continuous,no,yes,no,no,no,other,-0.23,0.148729354467237,Cohen's d,-0.23,Cohen's d,d_direct,d_direct,0.148729354467237,,d_direct
Cowlishaw,2023,66,33,33,3,RCT,Oceania,Australia,high income,ptsd symptom severity,continuous,no,yes,no,no,no,other,-0.65,0.21034017368295,Cohen's d,-0.65,Cohen's d,d_direct,d_direct,0.21034017368295,,d_direct
Cowlishaw,2023,66,33,33,4,RCT,Oceania,Australia,high income,ptsd symptom severity,continuous,no,yes,no,no,no,other,-0.3,0.228389913360927,Cohen's d,-0.3,Cohen's d,d_direct,d_direct,0.228389913360927,,d_direct
Cowlishaw,2023,66,33,33,5,RCT,Oceania,Australia,high income,anger symptomatology,continuous,no,yes,no,no,no,other,-0.53,0.171508141618405,Cohen's d,-0.53,Cohen's d,d_direct,d_direct,0.171508141618405,,d_direct
Cowlishaw,2023,66,33,33,6,RCT,Oceania,Australia,high income,anger symptomatology,continuous,no,yes,no,no,no,other,-0.08,0.116965789458406,Cohen's d,-0.08,Cohen's d,d_direct,d_direct,0.116965789458406,,d_direct
Cowlishaw,2023,66,33,33,7,RCT,Oceania,Australia,high income,insomnia,continuous,yes,no,no,no,no,other,-0.53,0.171508141618405,Cohen's d,-0.53,Cohen's d,d_direct,d_direct,0.171508141618405,,d_direct
Cowlishaw,2023,66,33,33,8,RCT,Oceania,Australia,high income,insomnia,continuous,yes,no,no,no,no,other,-0.02,0.0931525567611947,Cohen's d,-0.02,Cohen's d,d_direct,d_direct,0.0931525567611947,,d_direct
Bae,2025,95,44,51,1,quasi-experimental,Asia,South Korea,high income,severity of depression,continuous,no,yes,no,no,no,other,0.216673414199926,0.103795024939619,Cohen's d,0.216673414199926,"Cohen's d_z (within, from F via partial eta2)",d_converted,d_derived_from_partial_eta2),0.103795024939619,,d_converted
Bae,2025,95,44,51,2,quasi-experimental,Asia,South Korea,high income,severity of depression,continuous,no,yes,no,no,no,other,0.285714285714286,0.206796425034272,Cohen's d,0.285714285714286,Cohen's d (from partial eta2),d_converted,d_derived_from_partial_eta2),0.206796425034272,,d_converted
Bae,2025,95,44,51,3,quasi-experimental,Asia,South Korea,high income,severity of depression,continuous,no,yes,no,no,no,other,0.316086813138867,0.207028893072549,Cohen's d,0.316086813138867,"Cohen's d (interaction, from F via partial eta2)",d_converted,d_derived_from_partial_eta2),0.207028893072549,,d_converted
Bae,2025,95,44,51,4,quasi-experimental,Asia,South Korea,high income,severity of depression,continuous,no,yes,no,no,no,pollution,0.119974744817146,0.205939004174258,Cohen's d,0.119974744817146,"Cohen's d (interaction, from F via partial eta2)",d_converted,d_derived_from_partial_eta2),0.205939004174258,,d_converted
Bae,2025,95,44,51,5,quasi-experimental,Asia,South Korea,high income,severity of anxiety,continuous,no,yes,no,no,no,other,0.216916185608514,0.103797693706732,Cohen's d,0.216916185608514,"Cohen's d_z (within, from F via partial eta2)",d_converted,d_derived_from_partial_eta2),0.103797693706732,,d_converted
Bae,2025,95,44,51,6,quasi-experimental,Asia,South Korea,high income,severity of anxiety,continuous,no,yes,no,no,no,other,0.35172622905633,0.20733120407069,Cohen's d,0.35172622905633,Cohen's d (from partial eta2),d_converted,d_derived_from_partial_eta2),0.20733120407069,,d_converted
Bae,2025,95,44,51,7,quasi-experimental,Asia,South Korea,high income,severity of anxiety,continuous,no,yes,no,no,no,other,0.507343576342825,0.209021146232128,Cohen's d,0.507343576342825,"Cohen's d (interaction, from F via partial eta2)",d_converted,d_derived_from_partial_eta2),0.209021146232128,,d_converted
Bae,2025,95,44,51,8,quasi-experimental,Asia,South Korea,high income,severity of anxiety,continuous,no,yes,no,no,no,pollution,0.0581962994456023,0.205798302171011,Cohen's d,0.0581962994456023,"Cohen's d (interaction, from F via partial eta2)",d_converted,d_derived_from_partial_eta2),0.205798302171011,,d_converted
Bae,2025,95,44,51,9,quasi-experimental,Asia,South Korea,high income,stress,continuous,no,yes,no,no,no,other,0.121395395733377,0.102975133485437,Cohen's d,0.121395395733377,"Cohen's d_z (within, from F via partial eta2)",d_converted,d_derived_from_partial_eta2),0.102975133485437,,d_converted
Bae,2025,95,44,51,10,quasi-experimental,Asia,South Korea,high income,stress,continuous,no,yes,no,no,no,other,0.201007563051842,0.206271104880833,Cohen's d,0.201007563051842,Cohen's d (from partial eta2),d_converted,d_derived_from_partial_eta2),0.206271104880833,,d_converted
Bae,2025,95,44,51,11,quasi-experimental,Asia,South Korea,high income,stress,continuous,no,yes,no,no,no,other,0.0290981497228011,0.205765818814771,Cohen's d,0.0290981497228011,"Cohen's d (interaction, from F via partial eta2)",d_converted,d_derived_from_partial_eta2),0.205765818814771,,d_converted
Bae,2025,95,44,51,12,quasi-experimental,Asia,South Korea,high income,stress,continuous,no,yes,no,no,no,pollution,0.0205754989889742,0.205760404423496,Cohen's d,0.0205754989889742,"Cohen's d (interaction, from F via partial eta2)",d_converted,d_derived_from_partial_eta2),0.205760404423496,,d_converted
Bae,2025,95,44,51,13,quasi-experimental,Asia,South Korea,high income,insomnia,continuous,yes,no,no,no,no,other,0.129370947686346,0.103026231767123,Cohen's d,0.129370947686346,"Cohen's d_z (within, from F via partial eta2)",d_converted,d_derived_from_partial_eta2),0.103026231767123,,d_converted
Bae,2025,95,44,51,14,quasi-experimental,Asia,South Korea,high income,insomnia,continuous,yes,no,no,no,no,other,0.285714285714286,0.206796425034272,Cohen's d,0.285714285714286,Cohen's d (from partial eta2),d_converted,d_derived_from_partial_eta2),0.206796425034272,,d_converted
Bae,2025,95,44,51,15,quasi-experimental,Asia,South Korea,high income,insomnia,continuous,yes,no,no,no,no,other,0.151198421178414,0.206047171104441,Cohen's d,0.151198421178414,"Cohen's d (interaction, from F via partial eta2)",d_converted,d_derived_from_partial_eta2),0.206047171104441,,d_converted
Bae,2025,95,44,51,16,quasi-experimental,Asia,South Korea,high income,insomnia,continuous,yes,no,no,no,no,pollution,0.0205754989889742,0.205760404423496,Cohen's d,0.0205754989889742,"Cohen's d (interaction, from F via partial eta2)",d_converted,d_derived_from_partial_eta2),0.205760404423496,,d_converted
Ugwuoke,2023,120,60,60,1,RCT,Africa,Nigeria,lower-middle income,anxiety disorder,continuous,no,yes,no,no,no,other,3.23925201600437,0.277584473803234,Cohen's d,3.23925201600437,Cohen's d (from partial eta2),d_converted,d_derived_from_partial_eta2),0.277584473803234,REVIEW: Cohen d > 3 from partial eta2; verify sample size and formula used,d_converted
Ugwuoke,2023,120,60,60,2,RCT,Africa,Nigeria,lower-middle income,anxiety disorder,continuous,no,yes,no,no,no,other,3.76587548676509,0.30401355631656,Cohen's d,3.76587548676509,Cohen's d (from partial eta2),d_converted,d_derived_from_partial_eta2),0.30401355631656,REVIEW: Cohen d > 3 from partial eta2; verify sample size and formula used,d_converted
Ugwuoke,2023,120,60,60,3,RCT,Africa,Nigeria,lower-middle income,anxiety disorder,continuous,no,yes,no,no,no,demographics,0.165630109984065,0.182886956584905,Cohen's d,0.165630109984065,"Cohen's d (interaction, from F via partial eta2)",d_converted,d_derived_from_partial_eta2),0.182886956584905,,d_converted
Ugwuoke,2023,120,60,60,4,RCT,Africa,Nigeria,lower-middle income,anxiety disorder,continuous,no,yes,no,no,no,demographics,0.246807020936918,0.183267947115507,Cohen's d,0.246807020936918,Cohen's d (from partial eta2),d_converted,d_derived_from_partial_eta2),0.183267947115507,,d_converted
Ugwuoke,2023,120,60,60,5,RCT,Africa,Nigeria,lower-middle income,anxiety disorder,continuous,no,yes,no,no,no,demographics,0.1691604081,0.2586602541,Cohen's d,0.1691604081,"Cohen's d (interaction, from F via partial eta2)",d_converted,d_derived_from_partial_eta2),0.2586602541,,d_converted
Elzohairy,2024,80,40,40,1,quasi-experimental,Africa,Egypt,lower-middle income,severity of climate change impairment risk perception,continupus,no,no,no,no,yes,other,-1.22377,0.243639,Cohen's d,-1.22377,"Cohen's d (between-group, post-test comparison)",d_direct,d_direct,0.243639,,d_direct
Elzohairy,2024,80,40,40,2,quasi-experimental,Africa,Egypt,lower-middle income,severity of climate change impairment risk perception,categorical,no,no,no,no,yes,other,-1.22377,0.243639,Cohen's d,-1.22377,"Cohen's d (between-group, post-test comparison)",d_direct,d_direct,0.243639,,d_direct
Elzohairy,2024,80,40,40,3,quasi-experimental,Africa,Egypt,lower-middle income,severity of climate change impairment,continupus,no,no,no,no,yes,other,-0.47931,0.226795,Cohen's d,-0.47931,"Cohen's d (between-group, post-test comparison)",d_direct,d_direct,0.226795,,d_direct
Elzohairy,2024,80,40,40,4,quasi-experimental,Africa,Egypt,lower-middle income,severity of climate change impairment,categorical,no,no,no,no,yes,other,-0.47931,0.226795,Cohen's d,-0.47931,"Cohen's d (between-group, post-test comparison)",d_direct,d_direct,0.226795,,d_direct
Saarinen,2025,136,,,10,RCT,Europe,Finland,high income,bmi,continuous,no,no,yes,no,no,environmental,0,0.168367346938776,Cohen's d,0,Spearman's rho,d_from_r,r_to_d_biserial: d=2r/sqrt(1-r2),0.0841836734693878,,d_from_r
Saarinen,2025,136,,,11,RCT,Europe,Finland,high income,systolic blood pressure,continuous,no,no,yes,no,no,environmental,-0.0600270182386795,0.173703835162114,Cohen's d,-0.03,Spearman's rho,d_from_r,r_to_d_biserial: d=2r/sqrt(1-r2),0.086734693877551,,d_from_r
Saarinen,2025,136,,,12,RCT,Europe,Finland,high income,diastolic blood pressure,continuous,no,no,yes,no,no,environmental,-0.120216584955129,0.174410355531375,Cohen's d,-0.06,Spearman's rho,d_from_r,r_to_d_biserial: d=2r/sqrt(1-r2),0.086734693877551,,d_from_r
Saarinen,2025,136,,,13,RCT,Europe,Finland,high income,non-hdl cholesterol,continuous,no,no,yes,no,no,environmental,0.14034426569431,0.174752242021127,Cohen's d,0.07,Spearman's rho,d_from_r,r_to_d_biserial: d=2r/sqrt(1-r2),0.086734693877551,,d_from_r
Saarinen,2025,136,,,14,RCT,Europe,Finland,high income,triglycerides,continuous,no,no,yes,no,no,environmental,0.0600270182386795,0.168594898833817,Cohen's d,0.03,Spearman's rho,d_from_r,r_to_d_biserial: d=2r/sqrt(1-r2),0.0841836734693878,,d_from_r
Saarinen,2025,136,,,15,RCT,Europe,Finland,high income,ratio of ldl/hdl cholesterol,continuous,no,no,yes,no,no,environmental,0.221343201923522,0.171470095753145,Cohen's d,0.11,Spearman's rho,d_from_r,r_to_d_biserial: d=2r/sqrt(1-r2),0.0841836734693878,,d_from_r
Saarinen,2025,136,,,16,RCT,Europe,Finland,high income,ratio of pinp/ctx,continuous,no,no,yes,no,no,environmental,0.652125970874945,0.184045432060545,Cohen's d,0.31,Spearman's rho,d_from_r,r_to_d_biserial: d=2r/sqrt(1-r2),0.0790816326530612,,d_from_r
Saarinen,2025,136,,,17,RCT,Europe,Finland,high income,total noc,continuous,no,no,yes,no,no,environmental,0.282785007136372,0.173441457588789,Cohen's d,0.14,Spearman's rho,d_from_r,r_to_d_biserial: d=2r/sqrt(1-r2),0.0841836734693878,,d_from_r
Saarinen,2025,136,,,18,RCT,Europe,Finland,high income,haem noc,continuous,no,no,yes,no,no,environmental,0.387050476523023,0.172522576960842,Cohen's d,0.19,Spearman's rho,d_from_r,r_to_d_biserial: d=2r/sqrt(1-r2),0.0816326530612245,,d_from_r
Saarinen,2025,136,,,19,RCT,Europe,Finland,high income,glucose,continuous,no,no,yes,no,no,environmental,0.0400080024008003,0.168468417880725,Cohen's d,0.02,Spearman's rho,d_from_r,r_to_d_biserial: d=2r/sqrt(1-r2),0.0841836734693878,,d_from_r
Saarinen,2025,136,,,20,RCT,Europe,Finland,high income,insulin,continuous,no,no,yes,no,no,environmental,-0.221343201923522,0.176666159260816,Cohen's d,-0.11,Spearman's rho,d_from_r,r_to_d_biserial: d=2r/sqrt(1-r2),0.086734693877551,,d_from_r
Saarinen,2025,136,,,21,RCT,Europe,Finland,high income,homa2-ir index,continuous,no,no,yes,no,no,environmental,0.201007563051842,0.170924798513472,Cohen's d,0.1,Spearman's rho,d_from_r,r_to_d_biserial: d=2r/sqrt(1-r2),0.0841836734693878,,d_from_r
Saarinen,2025,136,,,22,RCT,Europe,Finland,high income,saturated fat intake,continuous,no,no,yes,no,no,environmental,1.15470053837925,0.204232748284766,Cohen's d,0.5,Spearman's rho,d_from_r,r_to_d_biserial: d=2r/sqrt(1-r2),0.0663265306122449,,d_from_r
Saarinen,2025,136,,,23,RCT,Europe,Finland,high income,vitamin d intake,continuous,no,no,yes,no,no,environmental,0.282785007136372,0.173441457588789,Cohen's d,0.14,Spearman's rho,d_from_r,r_to_d_biserial: d=2r/sqrt(1-r2),0.0841836734693878,,d_from_r
Saarinen,2025,136,,,24,RCT,Europe,Finland,high income,calcium intake,continuous,no,no,yes,no,no,environmental,1.2500034765631,0.200803481017152,Cohen's d,0.53,Spearman's rho,d_from_r,r_to_d_biserial: d=2r/sqrt(1-r2),0.0612244897959184,,d_from_r
Saarinen,2025,136,,,25,RCT,Europe,Finland,high income,animal fe intake,continuous,no,no,yes,no,no,environmental,2.577038602653,0.287792049743571,Cohen's d,0.79,Spearman's rho,d_from_r,r_to_d_biserial: d=2r/sqrt(1-r2),0.0331632653061225,,d_from_r
Saarinen,2025,136,,,26,RCT,Europe,Finland,high income,fibre intake,continuous,no,no,yes,no,no,environmental,-0.0600270182386795,0.173703835162114,Cohen's d,-0.03,Spearman's rho,d_from_r,r_to_d_biserial: d=2r/sqrt(1-r2),0.086734693877551,,d_from_r
Saarinen,2025,136,,,27,RCT,Europe,Finland,high income,bmi,continuous,no,no,yes,no,no,environmental,-0.0200010000750063,0.168392605198073,Cohen's d,-0.01,Spearman's rho,d_from_r,r_to_d_biserial: d=2r/sqrt(1-r2),0.0841836734693878,,d_from_r
Saarinen,2025,136,,,28,RCT,Europe,Finland,high income,systolic blood pressure,continuous,no,no,yes,no,no,environmental,0.14034426569431,0.174752242021127,Cohen's d,0.07,Spearman's rho,d_from_r,r_to_d_biserial: d=2r/sqrt(1-r2),0.086734693877551,,d_from_r
Saarinen,2025,136,,,29,RCT,Europe,Finland,high income,diastolic blood pressure,continuous,no,no,yes,no,no,environmental,-0.201007563051842,0.176104337862364,Cohen's d,-0.1,Spearman's rho,d_from_r,r_to_d_biserial: d=2r/sqrt(1-r2),0.086734693877551,,d_from_r
Saarinen,2025,136,,,30,RCT,Europe,Finland,high income,non-hdl cholesterol,continuous,no,no,yes,no,no,environmental,0.36597765571301,0.171533961445159,Cohen's d,0.18,Spearman's rho,d_from_r,r_to_d_biserial: d=2r/sqrt(1-r2),0.0816326530612245,,d_from_r
Saarinen,2025,136,,,31,RCT,Europe,Finland,high income,triglycerides,continuous,no,no,yes,no,no,environmental,0.0800640769025436,0.168772238245986,Cohen's d,0.04,Spearman's rho,d_from_r,r_to_d_biserial: d=2r/sqrt(1-r2),0.0841836734693878,,d_from_r
Saarinen,2025,136,,,32,RCT,Europe,Finland,high income,ratio of ldl/hdl cholesterol,continuous,no,no,yes,no,no,environmental,0.282785007136372,0.173441457588789,Cohen's d,0.14,Spearman's rho,d_from_r,r_to_d_biserial: d=2r/sqrt(1-r2),0.0841836734693878,,d_from_r
Saarinen,2025,136,,,33,RCT,Europe,Finland,high income,ratio of pinp/ctx,continuous,no,no,yes,no,no,environmental,0.723076997100493,0.184031464629736,Cohen's d,0.34,Spearman's rho,d_from_r,r_to_d_biserial: d=2r/sqrt(1-r2),0.076530612244898,,d_from_r
Saarinen,2025,136,,,34,RCT,Europe,Finland,high income,total noc,continuous,no,no,yes,no,no,environmental,0.583333333333333,0.178768881684618,Cohen's d,0.28,Spearman's rho,d_from_r,r_to_d_biserial: d=2r/sqrt(1-r2),0.0790816326530612,,d_from_r
Saarinen,2025,136,,,35,RCT,Europe,Finland,high income,haem noc,continuous,no,no,yes,no,no,environmental,0.699166664938992,0.181959828094675,Cohen's d,0.33,Spearman's rho,d_from_r,r_to_d_biserial: d=2r/sqrt(1-r2),0.076530612244898,,d_from_r
Saarinen,2025,136,,,36,RCT,Europe,Finland,high income,glucose,continuous,no,no,yes,no,no,environmental,0,0.173469387755102,Cohen's d,0,Spearman's rho,d_from_r,r_to_d_biserial: d=2r/sqrt(1-r2),0.086734693877551,,d_from_r
Saarinen,2025,136,,,37,RCT,Europe,Finland,high income,insulin,continuous,no,no,yes,no,no,environmental,-0.0600270182386795,0.173703835162114,Cohen's d,-0.03,Spearman's rho,d_from_r,r_to_d_biserial: d=2r/sqrt(1-r2),0.086734693877551,,d_from_r
Saarinen,2025,136,,,38,RCT,Europe,Finland,high income,homa2-ir index,continuous,no,no,yes,no,no,environmental,0.0600270182386795,0.173703835162114,Cohen's d,0.03,Spearman's rho,d_from_r,r_to_d_biserial: d=2r/sqrt(1-r2),0.086734693877551,,d_from_r
Saarinen,2025,136,,,39,RCT,Europe,Finland,high income,saturated fat intake,continuous,no,no,yes,no,no,environmental,0.606043732209095,0.180440297285315,Cohen's d,0.29,Spearman's rho,d_from_r,r_to_d_biserial: d=2r/sqrt(1-r2),0.0790816326530612,,d_from_r
Saarinen,2025,136,,,40,RCT,Europe,Finland,high income,vitamin d intake,continuous,no,no,yes,no,no,environmental,0.0600270182386795,0.173703835162114,Cohen's d,0.03,Spearman's rho,d_from_r,r_to_d_biserial: d=2r/sqrt(1-r2),0.086734693877551,,d_from_r
Saarinen,2025,136,,,41,RCT,Europe,Finland,high income,calcium intake,continuous,no,no,yes,no,no,environmental,0.796528209922106,0.184522891577132,Cohen's d,0.37,Spearman's rho,d_from_r,r_to_d_biserial: d=2r/sqrt(1-r2),0.0739795918367347,,d_from_r
Saarinen,2025,136,,,42,RCT,Europe,Finland,high income,animal fe intake,continuous,no,no,yes,no,no,environmental,1.96039211763921,0.238142871433335,Cohen's d,0.7,Spearman's rho,d_from_r,r_to_d_biserial: d=2r/sqrt(1-r2),0.0433673469387755,,d_from_r
Saarinen,2025,136,,,43,RCT,Europe,Finland,high income,fibre intake,continuous,no,no,yes,no,no,environmental,-0.796528209922106,0.190885749907378,Cohen's d,-0.37,Spearman's rho,d_from_r,r_to_d_biserial: d=2r/sqrt(1-r2),0.076530612244898,,d_from_r
Karlsson,2024,1005,,,1,RCT,north America,USA,high income,impact belief (average across 8 pro-environmental behaviors),continuous,no,no,no,no,yes,other,0.098496154936695,0.0316204283466327,Cohen's d,0.098496154936695,Cohen's d_z (single-df F via partial eta squared),d_converted,d_derived_from_partial_eta_squared),0.0316204283466327,,d_converted
Karlsson,2024,1005,,,2,RCT,north America,USA,high income,pro-environmental intention (average across 8 behaviors),continuous,no,no,no,no,yes,other,0.16901823623238,0.0317684968973035,Cohen's d,0.16901823623238,Cohen's d_z (single-df F via partial eta squared),d_converted,d_derived_from_partial_eta_squared),0.0317684968973035,,d_converted
Karlsson,2024,1005,335,338,3,RCT,north America,USA,high income,impact belief (average across 8 pro-environmental behaviors),continuous,no,no,no,no,yes,other,0.0658700826720402,0.0771160037596362,Cohen's d,0.0658700826720402,"Cohen's d (interaction, from F via partial eta squared)",d_converted,d_derived_from_partial_eta_squared),0.0771160037596362,,d_converted
Karlsson,2024,1005,332,335,4,RCT,north America,USA,high income,impact belief (average across 8 pro-environmental behaviors),continuous,no,no,no,no,yes,other,0.233610397154524,0.077704779312,Cohen's d,0.233610397154524,"Cohen's d (interaction, from F via partial eta squared)",d_converted,d_derived_from_partial_eta_squared),0.077704779312,,d_converted
Karlsson,2024,1005,332,338,5,RCT,north America,USA,high income,impact belief (average across 8 pro-environmental behaviors),continuous,no,no,no,no,yes,other,0.343655384523775,0.0778380477267679,Cohen's d,0.343655384523775,"Cohen's d (interaction, from F via partial eta squared)",d_converted,d_derived_from_partial_eta_squared),0.0778380477267679,,d_converted
Karlsson,2024,1005,335,338,6,RCT,north America,USA,high income,pro-environmental intention (average across 8 behaviors),continuous,no,no,no,no,yes,other,0.305281022491789,0.077542853373699,Cohen's d,0.305281022491789,"Cohen's d (interaction, from F via partial eta squared)",d_converted,d_derived_from_partial_eta_squared),0.077542853373699,,d_converted
Karlsson,2024,1005,332,335,7,RCT,north America,USA,high income,pro-environmental intention (average across 8 behaviors),continuous,no,no,no,no,yes,other,0.287263659376194,0.0778394642674685,Cohen's d,0.287263659376194,"Cohen's d (interaction, from F via partial eta squared)",d_converted,d_derived_from_partial_eta_squared),0.0778394642674685,,d_converted
Karlsson,2024,1005,332,338,8,RCT,north America,USA,high income,pro-environmental intention (average across 8 behaviors),continuous,no,no,no,no,yes,other,0.575699196118504,0.0788540650205008,Cohen's d,0.575699196118504,"Cohen's d (interaction, from F via partial eta squared)",d_converted,d_derived_from_partial_eta_squared),0.0788540650205008,,d_converted
Greaves,2023,100,55,45,1,RCT,Europe,United Kingdom,high income,negative affect,mental health / affect,no,no,no,yes,no,environmental,0.35172622905633,0.202540359200509,Cohen's d,0.35172622905633,Cohen's d (from eta squared),d_converted,d_derived_from_eta_squared),0.202540359200509,,d_converted
Greaves,2023,100,55,45,2,RCT,Europe,United Kingdom,high income,negative affect,mental health / affect,no,no,no,yes,no,other,0.109709198907726,0.201157204558189,Cohen's d,0.109709198907726,Cohen's d (from eta squared),d_converted,d_derived_from_eta_squared),0.201157204558189,,d_converted
Greaves,2023,100,55,45,3,RCT,Europe,United Kingdom,high income,negative affect,mental health / affect,no,no,no,yes,no,other,0.817880977238921,0.209161867625738,Cohen's d,0.817880977238921,"Cohen's d (interaction, from F via eta squared)",d_converted,d_derived_from_eta_squared),0.209161867625738,,d_converted
Greaves,2023,100,55,45,4,RCT,Europe,United Kingdom,high income,positive affect,mental health / affect,no,no,no,yes,no,environmental,0.109709198907726,0.201157204558189,Cohen's d,0.109709198907726,Cohen's d (from eta squared),d_converted,d_derived_from_eta_squared),0.201157204558189,,d_converted
Greaves,2023,100,55,45,5,RCT,Europe,United Kingdom,high income,positive affect,mental health / affect,no,no,no,yes,no,other,0.089532296207169,0.20110723647935,Cohen's d,0.089532296207169,Cohen's d (from eta squared),d_converted,d_derived_from_eta_squared),0.20110723647935,,d_converted
Greaves,2023,100,55,45,6,RCT,Europe,United Kingdom,high income,positive affect,mental health / affect,no,no,no,yes,no,other,0.14743599878379,0.201277736654423,Cohen's d,0.14743599878379,"Cohen's d (interaction, from F via eta squared)",d_converted,d_derived_from_eta_squared),0.201277736654423,,d_converted
Greaves,2023,100,55,45,7,RCT,Europe,United Kingdom,high income,pro-environmental behavioural intentions,behavioral intention,no,no,no,no,yes,environmental,0.155386193773101,0.201307637088405,Cohen's d,0.155386193773101,Cohen's d (from eta squared),d_converted,d_derived_from_eta_squared),0.201307637088405,,d_converted
Greaves,2023,100,55,45,8,RCT,Europe,United Kingdom,high income,pro-environmental behavioural intentions,behavioral intention,no,no,no,no,yes,other,0.141776241001667,0.201257404625527,Cohen's d,0.141776241001667,Cohen's d (from eta squared),d_converted,d_derived_from_eta_squared),0.201257404625527,,d_converted
Greaves,2023,100,55,45,9,RCT,Europe,United Kingdom,high income,pro-environmental behavioural intentions,behavioral intention,no,no,no,no,yes,other,0.742858252857424,0.207757628796712,Cohen's d,0.742858252857424,"Cohen's d (interaction, from F via eta squared)",d_converted,d_derived_from_eta_squared),0.207757628796712,,d_converted
de Roos,2011,52,26,26,1,RCT,Europe,Netherlands,high income,props (parent-rated ptsd symptoms),continuous,no,yes,no,no,no,,1.08,0.246764,Cohen's d,1.08,Cohen's d_z (within-group),d_direct,d_direct,0.246764,,d_direct
de Roos,2011,52,26,26,2,RCT,Europe,Netherlands,high income,props (parent-rated ptsd symptoms),continuous,no,yes,no,no,no,,1.4,0.27596,Cohen's d,1.4,Cohen's d_z (within-group),d_direct,d_direct,0.27596,,d_direct
de Roos,2011,52,26,26,3,RCT,Europe,Netherlands,high income,crops (child-rated ptsd symptoms),continuous,no,yes,no,no,no,,1.02,0.241804,Cohen's d,1.02,Cohen's d_z (within-group),d_direct,d_direct,0.241804,,d_direct
de Roos,2011,52,26,26,4,RCT,Europe,Netherlands,high income,crops (child-rated ptsd symptoms),continuous,no,yes,no,no,no,,1.16,0.25365,Cohen's d,1.16,Cohen's d_z (within-group),d_direct,d_direct,0.25365,,d_direct
de Roos,2011,52,26,26,5,RCT,Europe,Netherlands,high income,ucla ptsd reaction index (child/adolescent),continuous,no,yes,no,no,no,,1.23,0.259915,Cohen's d,1.23,Cohen's d_z (within-group),d_direct,d_direct,0.259915,,d_direct
de Roos,2011,52,26,26,6,RCT,Europe,Netherlands,high income,ucla ptsd reaction index (child/adolescent),continuous,no,yes,no,no,no,,1.06,0.24509,Cohen's d,1.06,Cohen's d_z (within-group),d_direct,d_direct,0.24509,,d_direct
de Roos,2011,52,26,26,7,RCT,Europe,Netherlands,high income,ucla ptsd reaction index (parent),continuous,no,yes,no,no,no,,1,0.240192,Cohen's d,1,Cohen's d_z (within-group),d_direct,d_direct,0.240192,,d_direct
de Roos,2011,52,26,26,8,RCT,Europe,Netherlands,high income,ucla ptsd reaction index (parent),continuous,no,yes,no,no,no,,1.38,0.274016,Cohen's d,1.38,Cohen's d_z (within-group),d_direct,d_direct,0.274016,,d_direct
de Roos,2011,52,26,26,9,RCT,Europe,Netherlands,high income,depression (birleson),continuous,no,yes,no,no,no,,0.92,0.233963,Cohen's d,0.92,Cohen's d_z (within-group),d_direct,d_direct,0.233963,,d_direct
de Roos,2011,52,26,26,10,RCT,Europe,Netherlands,high income,depression (birleson),continuous,no,yes,no,no,no,,1.09,0.247608,Cohen's d,1.09,Cohen's d_z (within-group),d_direct,d_direct,0.247608,,d_direct
de Roos,2011,52,26,26,11,RCT,Europe,Netherlands,high income,anxiety (masc),continuous,no,yes,no,no,no,,1.12,0.250169,Cohen's d,1.12,Cohen's d_z (within-group),d_direct,d_direct,0.250169,,d_direct
de Roos,2011,52,26,26,12,RCT,Europe,Netherlands,high income,anxiety (masc),continuous,no,yes,no,no,no,,0.62,0.214135,Cohen's d,0.62,Cohen's d_z (within-group),d_direct,d_direct,0.214135,,d_direct
de Roos,2011,52,26,26,13,RCT,Europe,Netherlands,high income,behaviour problems (cbcl),continuous,no,yes,no,no,no,,0.88,0.230985,Cohen's d,0.88,Cohen's d_z (within-group),d_direct,d_direct,0.230985,,d_direct
de Roos,2011,52,26,26,14,RCT,Europe,Netherlands,high income,behaviour problems (cbcl),continuous,no,yes,no,no,no,,0.87,0.230255,Cohen's d,0.87,Cohen's d_z (within-group),d_direct,d_direct,0.230255,,d_direct
Pityaratstian,2007,152,152,,1,quasi-experimental,Asia,Thailand,upper-middle income,ptsd symptoms total (cries-13),continuous,no,yes,no,no,no,,0.037,0.0960239676468774,Cohen's d,0.037,"Cohen's d (within, calculated)",d_direct,d_direct,0.0960239676468774,,d_direct
Pityaratstian,2007,152,152,,2,quasi-experimental,Asia,Thailand,upper-middle income,ptsd intrusion (cries-13),continuous,no,yes,no,no,no,,0.181,0.10675961097703,Cohen's d,0.181,"Cohen's d (within, calculated)",d_direct,d_direct,0.10675961097703,,d_direct
Pityaratstian,2007,152,152,,3,quasi-experimental,Asia,Thailand,upper-middle income,ptsd avoidance (cries-13),continuous,no,yes,no,no,no,,-0.254,0.098609018714884,Cohen's d,-0.254,"Cohen's d (within, calculated)",d_direct,d_direct,0.098609018714884,,d_direct
Pityaratstian,2007,152,152,,4,quasi-experimental,Asia,Thailand,upper-middle income,ptsd arousal (cries-13),continuous,no,yes,no,no,no,,0.196,0.0954352301712004,Cohen's d,0.196,"Cohen's d (within, calculated)",d_direct,d_direct,0.0954352301712004,,d_direct
Pityaratstian,2007,152,152,,5,quasi-experimental,Asia,Thailand,upper-middle income,ptsd symptoms total (cries-13),continuous,no,yes,no,no,no,,0.814,0.316014729267384,Cohen's d,0.814,"Cohen's d (within, calculated)",d_direct,d_direct,0.316014729267384,,d_direct
Pityaratstian,2007,152,152,,6,quasi-experimental,Asia,Thailand,upper-middle income,ptsd intrusion (cries-13),continuous,no,yes,no,no,no,,1.252,0.48605705287809,Cohen's d,1.252,"Cohen's d (within, calculated)",d_direct,d_direct,0.48605705287809,,d_direct
Pityaratstian,2007,152,152,,7,quasi-experimental,Asia,Thailand,upper-middle income,ptsd avoidance (cries-13),continuous,no,yes,no,no,no,,0.091,0.144903070843195,Cohen's d,0.091,"Cohen's d (within, calculated)",d_direct,d_direct,0.144903070843195,,d_direct
Pityaratstian,2007,152,152,,8,quasi-experimental,Asia,Thailand,upper-middle income,ptsd arousal (cries-13),continuous,no,yes,no,no,no,,0.555,0.215464588136853,Cohen's d,0.555,"Cohen's d (within, calculated)",d_direct,d_direct,0.215464588136853,,d_direct
Pityaratstian,2007,152,152,,9,quasi-experimental,Asia,Thailand,upper-middle income,ptsd symptoms total (cries-13),continuous,no,yes,no,no,no,,-0.489,0.189841772250308,Cohen's d,-0.489,"Cohen's d (within, calculated)",d_direct,d_direct,0.189841772250308,,d_direct
Pityaratstian,2007,152,152,,10,quasi-experimental,Asia,Thailand,upper-middle income,ptsd intrusion (cries-13),continuous,no,yes,no,no,no,,-0.459,0.178195037756424,Cohen's d,-0.459,"Cohen's d (within, calculated)",d_direct,d_direct,0.178195037756424,,d_direct
Pityaratstian,2007,152,152,,11,quasi-experimental,Asia,Thailand,upper-middle income,ptsd avoidance (cries-13),continuous,no,yes,no,no,no,,-0.594,0.230605342978902,Cohen's d,-0.594,"Cohen's d (within, calculated)",d_direct,d_direct,0.230605342978902,,d_direct
Pityaratstian,2007,152,152,,12,quasi-experimental,Asia,Thailand,upper-middle income,ptsd arousal (cries-13),continuous,no,yes,no,no,no,,-0.046,0.133284836401434,Cohen's d,-0.046,"Cohen's d (within, calculated)",d_direct,d_direct,0.133284836401434,,d_direct
Pityaratstian,2015,36,18,18,1,RCT,Asia,Thailand,upper-middle income,ptsd symptoms (cries-13),continuous,no,yes,no,no,no,,0.24,0.334531181074517,Cohen's d,0.24,Cohen's d (controlled),d_direct,d_direct,,,d_direct
Pityaratstian,2015,36,18,18,2,RCT,Asia,Thailand,upper-middle income,ptsd symptoms (cries-13),continuous,no,yes,no,no,no,,0.69,0.352047285278011,Cohen's d,0.69,Cohen's d (controlled),d_direct,d_direct,0.352047285278011,,d_direct
Pityaratstian,2015,36,18,18,3,RCT,Asia,Thailand,upper-middle income,ptsd symptoms (ptsd-ri),continuous,no,yes,no,no,no,,0.21,0.334250820658845,Cohen's d,0.21,Cohen's d (controlled),d_direct,d_direct,,,d_direct
Pityaratstian,2015,36,18,18,4,RCT,Asia,Thailand,upper-middle income,ptsd symptoms (ptsd-ri),continuous,no,yes,no,no,no,,0.41,0.209187517339108,Cohen's d,0.41,Cohen's d (controlled),d_direct,d_direct,0.209187517339108,,d_direct
Chemtob,2002,248,214,34,1,RCT,north America,USA,high income,trauma symptoms (kri),continuous,no,yes,no,no,no,,0.45499025157937,0.0667055416918546,Cohen's d,0.45499025157937,"Cohen's d_z (within, from F via eta2 (repeated measures))",d_converted,d_derived_from_eta2_(repeated_measures)),0.0667055416918546,,d_converted
Chemtob,2002,248,214,34,2,RCT,north America,USA,high income,ptsd symptoms - clinician-rated (cri),continuous,no,yes,no,no,no,,0.76,0.27536231884058,Cohen's d,0.76,Cohen's d,d_direct,d_direct,0.27536231884058,,d_direct
Berger,2009,166,84,82,1,quasi-experimental,Asia,Sri Lanka,lower-middle income,ptsd symptom severity,continuous,no,yes,no,no,no,,1.13570497224065,0.167286883160588,Cohen's d,1.13570497224065,"Cohen's d (interaction, from F via eta2 (partial, calculated from F))",d_converted,d_derived_from_F)),0.167286883160588,,d_converted
Berger,2009,166,84,82,2,quasi-experimental,Asia,Sri Lanka,lower-middle income,functional problems,continuous,no,yes,no,no,no,,0.99075136611267,0.164488525523928,Cohen's d,0.99075136611267,"Cohen's d (interaction, from F via eta2 (partial, calculated from F))",d_converted,d_derived_from_F)),0.164488525523928,,d_converted
Berger,2009,166,84,82,3,quasi-experimental,Asia,Sri Lanka,lower-middle income,somatic complaints,continuous,no,yes,no,no,no,,1.03907400927363,0.165384147899086,Cohen's d,1.03907400927363,"Cohen's d (interaction, from F via eta2 (partial, calculated from F))",d_converted,d_derived_from_F)),0.165384147899086,,d_converted
Berger,2009,166,84,82,4,quasi-experimental,Asia,Sri Lanka,lower-middle income,hope,continuous,no,yes,no,no,no,,1.14563505305867,0.167490703886818,Cohen's d,1.14563505305867,"Cohen's d (interaction, from F via eta2 (partial, calculated from F))",d_converted,d_derived_from_F)),0.167490703886818,,d_converted
Berger,2009,166,84,82,5,quasi-experimental,Asia,Sri Lanka,lower-middle income,depression,continuous,no,no,no,yes,no,,0.753360647238998,0.160652975787878,Cohen's d,0.753360647238998,"Cohen's d (interaction, from F via eta2 (partial, calculated from F))",d_converted,d_derived_from_F)),0.160652975787878,,d_converted
Olafsdottir,2018,67,20,47,4,RCT,Europe,Iceland,high income,cortisol,continuous,no,yes,no,no,no,,1.53157199176449,0.297962942148209,Cohen's d,1.53157199176449,"Cohen's d (between, from F via partial eta2)",d_converted,d_derived_from_partial_eta2),0.297962942148209,,d_converted
Olafsdottir,2018,67,20,47,5,RCT,Europe,Iceland,high income,cortisol,continuous,no,no,yes,no,no,,1.6109565019155,0.301070784071249,Cohen's d,1.6109565019155,"Cohen's d (between, from F via partial eta2)",d_converted,d_derived_from_partial_eta2),0.301070784071249,,d_converted
Olafsdottir,2018,67,20,47,6,RCT,Europe,Iceland,high income,cortisol,continuous,no,no,yes,no,no,,0.495168142514946,0.270381920584057,Cohen's d,0.495168142514946,"Cohen's d (interaction, from F via partial eta2)",d_converted,d_derived_from_partial_eta2),0.270381920584057,,d_converted
Olafsdottir,2018,67,20,47,7,RCT,Europe,Iceland,high income,cortisol,continuous,no,no,yes,no,no,,0.424835,0.134799,Cohen's d,0.424835,Cohen's d (re-extracted),d_direct,d_direct,0.134799,,d_direct
Olafsdottir,2018,67,20,47,11,RCT,Europe,Iceland,high income,cortisol,continuous,no,no,yes,no,no,,0.631136,0.324005,Cohen's d,0.631136,Cohen's d (re-extracted),d_direct,d_direct,0.324005,,d_direct
Olafsdottir,2018,67,20,47,12,RCT,Europe,Iceland,high income,cortisol,continuous,no,no,yes,no,no,,0.63705,0.32415,Cohen's d,0.63705,Cohen's d (re-extracted),d_direct,d_direct,0.32415,,d_direct
Olafsdottir,2018,50,17,33,14,RCT,Europe,Iceland,high income,heart rate,continuous,no,no,yes,no,no,,2.25709418352396,0.374261006849193,Cohen's d,2.25709418352396,"Cohen's d (between, from F via partial eta2)",d_converted,d_derived_from_partial_eta2),0.374261006849193,,d_converted
Olafsdottir,2018,50,17,33,15,RCT,Europe,Iceland,high income,heart rate,continuous,no,no,yes,no,no,,0.90748521297303,0.31202861059916,Cohen's d,0.90748521297303,"Cohen's d (interaction, from F via partial eta2)",d_converted,d_derived_from_partial_eta2),0.31202861059916,,d_converted
Olafsdottir,2018,50,17,33,16,RCT,Europe,Iceland,high income,heart rate,continuous,no,no,yes,no,no,,0.592586403215845,0.304365152682691,Cohen's d,0.592586403215845,"Cohen's d (interaction, from F via partial eta2)",d_converted,d_derived_from_partial_eta2),0.304365152682691,,d_converted
Olafsdottir,2018,50,17,33,19,RCT,Europe,Iceland,high income,heart rate,continuous,no,no,yes,no,no,,0.75488,0.327297,Cohen's d,0.75488,Cohen's d (re-extracted),d_direct,d_direct,0.327297,,d_direct
Olafsdottir,2018,50,17,33,20,RCT,Europe,Iceland,high income,heart rate,continuous,no,no,yes,no,no,,0.804202,0.328762,Cohen's d,0.804202,Cohen's d (re-extracted),d_direct,d_direct,0.328762,,d_direct
Olafsdottir,2018,50,17,33,21,RCT,Europe,Iceland,high income,heart rate,continuous,no,no,yes,no,no,,1.04063,0.336952,Cohen's d,1.04063,Cohen's d (re-extracted),d_direct,d_direct,0.336952,,d_direct
Olafsdottir,2018,50,17,33,22,RCT,Europe,Iceland,high income,heart rate,continuous,no,no,yes,no,no,,1.04063,0.336952,Cohen's d,1.04063,Cohen's d (re-extracted),d_direct,d_direct,0.336952,,d_direct
Olafsdottir,2018,50,17,33,23,RCT,Europe,Iceland,high income,heart rate,continuous,no,no,yes,no,no,,0.368451,0.3189,Cohen's d,0.368451,Cohen's d (re-extracted),d_direct,d_direct,0.3189,,d_direct
Olafsdottir,2018,50,17,33,24,RCT,Europe,Iceland,high income,heart rate,continuous,no,no,yes,no,no,,0.585842,0.32294,Cohen's d,0.585842,Cohen's d (re-extracted),d_direct,d_direct,0.32294,,d_direct
Olafsdottir,2018,50,17,33,25,RCT,Europe,Iceland,high income,heart rate,continuous,no,no,yes,no,no,,0.472751,0.320615,Cohen's d,0.472751,Cohen's d (re-extracted),d_direct,d_direct,0.320615,,d_direct
Olafsdottir,2018,50,17,33,26,RCT,Europe,Iceland,high income,heart rate,continuous,no,no,yes,no,no,,0.278741,0.31776,Cohen's d,0.278741,Cohen's d (re-extracted),d_direct,d_direct,0.31776,,d_direct
Olafsdottir,2018,50,17,33,28,RCT,Europe,Iceland,high income,hfnu,continuous,no,no,yes,no,no,,0.493270218056382,0.302588358657449,Cohen's d,0.493270218056382,"Cohen's d (interaction, from F via partial eta2)",d_converted,d_derived_from_partial_eta2),0.302588358657449,,d_converted
Olafsdottir,2018,50,17,33,31,RCT,Europe,Iceland,high income,hfnu,continuous,no,no,yes,no,no,,0.659716,0.324716,Cohen's d,0.659716,Cohen's d (re-extracted),d_direct,d_direct,0.324716,,d_direct
Olafsdottir,2018,50,17,33,32,RCT,Europe,Iceland,high income,hfnu,continuous,no,no,yes,no,no,,0.708934,0.32601,Cohen's d,0.708934,Cohen's d (re-extracted),d_direct,d_direct,0.32601,,d_direct
Olafsdottir,2018,50,17,33,33,RCT,Europe,Iceland,high income,hfnu,continuous,no,no,yes,no,no,,0.852939,0.330294,Cohen's d,0.852939,Cohen's d (re-extracted),d_direct,d_direct,0.330294,,d_direct
Olafsdottir,2018,50,17,33,34,RCT,Europe,Iceland,high income,hfnu,continuous,no,no,yes,no,no,,1.04063,0.336952,Cohen's d,1.04063,Cohen's d (re-extracted),d_direct,d_direct,0.336952,,d_direct
Olafsdottir,2018,67,20,47,36,RCT,Europe,Iceland,high income,negative affect,continuous,no,no,no,yes,no,,1.03088992746713,0.281438175819327,Cohen's d,1.03088992746713,"Cohen's d (between, from F via partial eta2)",d_converted,d_derived_from_partial_eta2),0.281438175819327,,d_converted
Olafsdottir,2018,67,20,47,37,RCT,Europe,Iceland,high income,negative affect,no,no,no,no,yes,no,,1.61912111699198,0.301397454421757,Cohen's d,1.61912111699198,"Cohen's d (between, from F via partial eta2)",d_converted,d_derived_from_partial_eta2),0.301397454421757,,d_converted
Olafsdottir,2018,67,20,47,38,RCT,Europe,Iceland,high income,negative affect,no,no,no,no,yes,no,,0.877375195707374,0.277527073626601,Cohen's d,0.877375195707374,"Cohen's d (interaction, from F via partial eta2)",d_converted,d_derived_from_partial_eta2),0.277527073626601,,d_converted
Olafsdottir,2018,67,20,47,40,RCT,Europe,Iceland,high income,negative affect,no,no,no,no,yes,no,,0.424835,0.134799,Cohen's d,0.424835,Cohen's d (re-extracted),d_direct,d_direct,0.134799,,d_direct
Olafsdottir,2018,67,20,47,42,RCT,Europe,Iceland,high income,negative affect,no,no,no,no,yes,no,,0.117179,0.129542,Cohen's d,0.117179,Cohen's d (re-extracted),d_direct,d_direct,0.129542,,d_direct
Olafsdottir,2018,67,20,47,46,RCT,Europe,Iceland,high income,positive affect,no,no,no,no,yes,no,,0.628955567892501,0.272449487803254,Cohen's d,0.628955567892501,"Cohen's d (between, from F via partial eta2)",d_converted,d_derived_from_partial_eta2),0.272449487803254,,d_converted
Olafsdottir,2018,67,20,47,47,RCT,Europe,Iceland,high income,positive affect,no,no,no,no,yes,no,,0.743231872985327,0.274588667228298,Cohen's d,0.743231872985327,"Cohen's d (interaction, from F via partial eta2)",d_converted,d_derived_from_partial_eta2),0.274588667228298,,d_converted
Olafsdottir,2018,67,20,47,49,RCT,Europe,Iceland,high income,positive affect,no,no,no,no,yes,no,,0.847634,0.330123,Cohen's d,0.847634,Cohen's d (re-extracted),d_direct,d_direct,0.330123,,d_direct
Olafsdottir,2018,67,20,47,50,RCT,Europe,Iceland,high income,positive affect,no,no,no,no,yes,no,,1.021585,0.336222,Cohen's d,1.021585,Cohen's d (re-extracted),d_direct,d_direct,0.336222,,d_direct
Olafsdottir,2018,67,20,47,51,RCT,Europe,Iceland,high income,positive affect,no,no,no,no,yes,no,,1.313578,0.348667,Cohen's d,1.313578,Cohen's d (re-extracted),d_direct,d_direct,0.348667,,d_direct
Olafsdottir,2018,67,20,47,52,RCT,Europe,Iceland,high income,positive affect,no,no,no,no,yes,no,,0.619931,0.323734,Cohen's d,0.619931,Cohen's d (re-extracted),d_direct,d_direct,0.323734,,d_direct
Amicone,2018,82,,,1,quasi-experimental,Europe,Italy,high income,sustained and selective attention,no,yes,no,no,no,no,,1.02177511725619,0.136239217300877,Cohen's d,1.02177511725619,Cohen's d_z (single-df F via partial eta2),d_converted,d_derived_from_partial_eta2),0.136239217300877,,d_converted
Amicone,2018,82,,,2,quasi-experimental,Europe,Italy,high income,sustained and selective attention,continuous,yes,no,no,no,no,,0.0398166529690598,0.11047528599728,Cohen's d,0.0398166529690598,Cohen's d_z (single-df F via partial eta2),d_converted,d_derived_from_partial_eta2),0.11047528599728,,d_converted
Amicone,2018,82,,,3,quasi-experimental,Europe,Italy,high income,sustained and selective attention,continuous,yes,no,no,no,no,,0.0468521285665818,0.110492112121934,Cohen's d,0.0468521285665818,Cohen's d_z (single-df F via partial eta2),d_converted,d_derived_from_partial_eta2),0.110492112121934,,d_converted
Amicone,2018,82,,,4,quasi-experimental,Europe,Italy,high income,working memory,continuous,yes,no,no,no,no,,0.517616488597777,0.117596012388536,Cohen's d,0.517616488597777,Cohen's d_z (single-df F via partial eta2),d_converted,d_derived_from_partial_eta2),0.117596012388536,,d_converted
Amicone,2018,82,,,5,quasi-experimental,Europe,Italy,high income,working memory,continuous,yes,no,no,no,no,,0.144829588676132,0.111009107782686,Cohen's d,0.144829588676132,Cohen's d_z (single-df F via partial eta2),d_converted,d_derived_from_partial_eta2),0.111009107782686,,d_converted
Amicone,2018,82,,,6,quasi-experimental,Europe,Italy,high income,working memory,continuous,yes,no,no,no,no,,0.724484678085388,0.124078998458311,Cohen's d,0.724484678085388,Cohen's d_z (single-df F via partial eta2),d_converted,d_derived_from_partial_eta2),0.124078998458311,,d_converted
Amicone,2018,82,,,7,quasi-experimental,Europe,Italy,high income,impulse control,continuous,yes,no,no,no,no,,0.229793120107588,0.111879859290811,Cohen's d,0.229793120107588,Cohen's d_z (single-df F via partial eta2),d_converted,d_derived_from_partial_eta2),0.111879859290811,,d_converted
Amicone,2018,82,,,8,quasi-experimental,Europe,Italy,high income,impulse control,continuous,yes,no,no,no,no,,0.0855398922768301,0.110633350536992,Cohen's d,0.0855398922768301,Cohen's d_z (single-df F via partial eta2),d_converted,d_derived_from_partial_eta2),0.110633350536992,,d_converted
Amicone,2018,82,,,9,quasi-experimental,Europe,Italy,high income,impulse control,continuous,yes,no,no,no,no,,0.213278702354569,0.111680287495646,Cohen's d,0.213278702354569,Cohen's d_z (single-df F via partial eta2),d_converted,d_derived_from_partial_eta2),0.111680287495646,,d_converted
Amicone,2018,82,,,10,quasi-experimental,Europe,Italy,high income,sustained and selective attention,continuous,yes,no,no,no,no,,0.4,0.163265306122449,Cohen's d,0.4,Cohen d,d_direct,d_direct,0.163265306122449,,d_direct
Amicone,2018,82,,,11,quasi-experimental,Europe,Italy,high income,sustained and selective attention,continuous,yes,no,no,no,no,,0.12,0.164383561643836,Cohen's d,0.12,Cohen d,d_direct,d_direct,0.164383561643836,,d_direct
Amicone,2018,82,,,12,quasi-experimental,Europe,Italy,high income,working memory,continuous,yes,no,no,no,no,,0.68,0.16504854368932,Cohen's d,0.68,Cohen d,d_direct,d_direct,0.16504854368932,,d_direct
Amicone,2018,82,,,13,quasi-experimental,Europe,Italy,high income,working memory,continuous,yes,no,no,no,no,,0.26,0.167741935483871,Cohen's d,0.26,Cohen d,d_direct,d_direct,0.167741935483871,,d_direct
Amicone,2018,82,,,14,quasi-experimental,Europe,Italy,high income,impulse control,continuous,yes,no,no,no,no,,0.03,0.157894736842105,Cohen's d,0.03,Cohen d,d_direct,d_direct,0.157894736842105,,d_direct
Amicone,2018,82,,,15,quasi-experimental,Europe,Italy,high income,impulse control,continuous,yes,no,no,no,no,,0.17,0.163461538461538,Cohen's d,0.17,Cohen d,d_direct,d_direct,0.163461538461538,,d_direct
Amicone,2018,82,,,16,quasi-experimental,Europe,Italy,high income,perceived restorativeness,continuous,no,no,no,yes,no,,0.610177902886307,0.120271975152729,Cohen's d,0.610177902886307,Cohen's d_z (single-df F via partial eta2),d_converted,d_derived_from_partial_eta2),0.120271975152729,,d_converted
Amicone,2018,35,18,17,17,quasi-experimental,Europe,Italy,high income,sustained and selective attention,continuous,yes,no,no,no,no,,0.063277,0.338284,Cohen's d,0.063277,Cohen's d (from partial eta²),d_converted,d_derived_from_partial_eta²),0.338284,,d_converted
Amicone,2018,35,18,17,18,quasi-experimental,Europe,Italy,high income,sustained and selective attention,continuous,yes,no,no,no,no,,0.345636,0.340714,Cohen's d,0.345636,Cohen's d (from partial eta²),d_converted,d_derived_from_partial_eta²),0.340714,,d_converted
Amicone,2018,35,18,17,19,quasi-experimental,Europe,Italy,high income,sustained and selective attention,continuous,yes,no,no,no,no,,1.102327,0.362957,Cohen's d,1.102327,Cohen's d (from partial eta²),d_converted,d_derived_from_partial_eta²),0.362957,,d_converted
Amicone,2018,35,18,17,22,quasi-experimental,Europe,Italy,high income,perceived restorativeness,continuous,no,no,no,yes,no,,1.142383,0.364723,Cohen's d,1.142383,Cohen's d (from partial eta²),d_converted,d_derived_from_partial_eta²),0.364723,,d_converted
Vujcic,2021,27,15,12,8,quasi-experimental,Europe,Serbia,upper-middle income,cgi score variation,clinical rating,yes,no,no,no,no,,1.349969,0.428659,Cohen's d,1.349969,"Cohen's d (between-group, from eta²)",d_converted,d_derived_from_eta²),0.428659,,d_converted
Goenjian,2005,32,32,,1,quasi-experimental,Asia,Armenia,upper-middle income,ptsd,continuous,no,yes,no,no,no,,-0.380282,0.183056,Cohen's d,-0.380282,"Cohen's d_z (within, from mean change/SD)",d_converted,d_derived_from_mean_change/SD),0.183056,MANUAL_REVIEW,d_converted
Goenjian,2005,30,30,,2,quasi-experimental,Asia,Armenia,upper-middle income,ptsd,continuous,no,yes,no,no,no,,-0.612069,0.19894,Cohen's d,-0.612069,"Cohen's d_z (within, from mean change/SD)",d_converted,d_derived_from_mean_change/SD),0.19894,MANUAL_REVIEW,d_converted
Goenjian,2005,32,32,,3,quasi-experimental,Asia,Armenia,upper-middle income,depression,continuous,no,yes,no,no,no,,0.209677,0.178709,Cohen's d,0.209677,"Cohen's d_z (within, from mean change/SD)",d_converted,d_derived_from_mean_change/SD),0.178709,EXCLUDE_UNTIL_VERIFIED,d_converted
Goenjian,2005,30,30,,4,quasi-experimental,Asia,Armenia,upper-middle income,depression,continuous,no,yes,no,no,no,,0.130435,0.183349,Cohen's d,0.130435,"Cohen's d_z (within, from mean change/SD)",d_converted,d_derived_from_mean_change/SD),0.183349,EXCLUDE_UNTIL_VERIFIED,d_converted
Hamblen,2009,88,88,,1,quasi-experimental,north America,USA,high income,postdisaster distress,continuous,no,yes,no,no,no,,1.4,0.15,Cohen's d,1.4,"Cohen's d_z (within, pre-post from ITT analysis)",d_converted,d_derived_from_ITT_analysis),0.15,OK,d_converted
Okuyama,2017,101,82,19,1,quasi-experimental,Asia,Japan,high income,depressive symptoms,continuous,no,yes,no,no,no,,0.659827,0.258809,Cohen's d,0.659827,"Cohen's d (between-group, combined intervention vs control, 2014)",d_direct,d_direct,0.258809,,d_direct
Okuyama,2017,101,82,19,2,quasi-experimental,Asia,Japan,high income,anxiety levels,continuous,no,yes,no,no,no,,0.459053,0.256651,Cohen's d,0.459053,"Cohen's d (between-group, combined intervention vs control, 2014)",d_direct,d_direct,0.256651,,d_direct
Okuyama,2017,101,82,19,3,quasi-experimental,Asia,Japan,high income,ptsd symptoms,continuous,no,yes,no,no,no,,0.686369,0.25915,Cohen's d,0.686369,"Cohen's d (between-group, combined intervention vs control, 2014)",d_direct,d_direct,0.25915,,d_direct
Salloum,2012,72,39,33,1,RCT,north America,USA,high income,ptsd symptoms,continuous,no,yes,no,no,no,,0.231885,0.237313,Cohen's d,0.231885,"Cohen's d (between-group, CN vs C)",d_direct,d_direct,0.237313,,d_direct
Salloum,2012,72,39,33,2,RCT,north America,USA,high income,depressive symptoms,continuous,no,yes,no,no,no,,0.482149,0.239913,Cohen's d,0.482149,"Cohen's d (between-group, CN vs C)",d_direct,d_direct,0.239913,,d_direct
Salloum,2012,72,39,33,3,RCT,north America,USA,high income,traumatic grief,continuous,no,yes,no,no,no,,0.343817,0.238254,Cohen's d,0.343817,"Cohen's d (between-group, CN vs C)",d_direct,d_direct,0.238254,,d_direct
Salloum,2012,70,38,32,4,RCT,north America,USA,high income,global distress,continuous,no,yes,no,no,no,,0.167817,0.240348,Cohen's d,0.167817,"Cohen's d (between-group, CN vs C)",d_direct,d_direct,0.240348,,d_direct
Salloum,2012,72,39,33,5,RCT,north America,USA,high income,"perceived social support from family, friends and significant others",continuous,no,no,no,yes,no,,-0.066597,0.23659,Cohen's d,-0.066597,"Cohen's d (between-group, CN vs C)",d_direct,d_direct,0.23659,,d_direct
Salloum,2012,54,28,26,6,RCT,north America,USA,high income,internalizing behavior problems,continuous,no,yes,no,no,no,,0.010231,0.272354,Cohen's d,0.010231,"Cohen's d (between-group, CN vs C)",d_direct,d_direct,0.272354,,d_direct
Salloum,2012,54,28,26,7,RCT,north America,USA,high income,externalizing behavior problems,continuous,no,yes,no,no,no,,0.357971,0.274522,Cohen's d,0.357971,"Cohen's d (between-group, CN vs C)",d_direct,d_direct,0.274522,,d_direct
Telles,2010,22,11,11,1,RCT,Asia,India,lower-middle income,lf (n.u.),binary,no,no,yes,no,no,,0.266409,0.428289,Cohen's d,0.266409,"Cohen's d (between-group, yoga vs control post-test)",d_direct,d_direct,0.428289,OK,d_direct
Telles,2010,22,11,11,2,RCT,Asia,India,lower-middle income,hf (n.u.),binary,no,no,yes,no,no,,-0.266848,0.428295,Cohen's d,-0.266848,"Cohen's d (between-group, yoga vs control post-test)",d_direct,d_direct,0.428295,OK,d_direct
Telles,2010,22,11,11,3,RCT,Asia,India,lower-middle income,lf/hf,binary,no,no,yes,no,no,,0.291237,0.428656,Cohen's d,0.291237,"Cohen's d (between-group, yoga vs control post-test)",d_direct,d_direct,0.428656,OK,d_direct
Telles,2010,22,11,11,4,RCT,Asia,India,lower-middle income,nn50,binary,no,no,yes,no,no,,-0.025985,0.426419,Cohen's d,-0.025985,"Cohen's d (between-group, yoga vs control post-test)",d_direct,d_direct,0.426419,OK,d_direct
Telles,2010,22,11,11,5,RCT,Asia,India,lower-middle income,pnn50,binary,no,no,yes,no,no,,0.182989,0.427293,Cohen's d,0.182989,"Cohen's d (between-group, yoga vs control post-test)",d_direct,d_direct,0.427293,OK,d_direct
Telles,2010,22,11,11,6,RCT,Asia,India,lower-middle income,tinn,binary,no,no,yes,no,no,,0.90026,0.44748,Cohen's d,0.90026,"Cohen's d (between-group, yoga vs control post-test)",d_direct,d_direct,0.44748,OK,d_direct
Telles,2010,22,11,11,7,RCT,Asia,India,lower-middle income,breath rate (cpm)*,binary,no,no,yes,no,no,,-0.640203,0.437188,Cohen's d,-0.640203,"Cohen's d (between-group, yoga vs control post-test)",d_direct,d_direct,0.437188,OK,d_direct
Telles,2010,22,11,11,8,RCT,Asia,India,lower-middle income,fear,binary,no,yes,no,no,no,,-0.795452,0.442943,Cohen's d,-0.795452,"Cohen's d (between-group, yoga vs control post-test)",d_direct,d_direct,0.442943,OK,d_direct
Telles,2010,22,11,11,9,RCT,Asia,India,lower-middle income,anxiety,binary,no,yes,no,no,no,,-0.134195,0.426881,Cohen's d,-0.134195,"Cohen's d (between-group, yoga vs control post-test)",d_direct,d_direct,0.426881,OK,d_direct
Telles,2010,22,11,11,10,RCT,Asia,India,lower-middle income,sadness,binary,no,yes,no,no,no,,0.279712,0.428481,Cohen's d,0.279712,"Cohen's d (between-group, yoga vs control post-test)",d_direct,d_direct,0.428481,OK,d_direct
Telles,2010,22,11,11,11,RCT,Asia,India,lower-middle income,disturbed sleep,binary,yes,no,no,no,no,,-0.268839,0.428323,Cohen's d,-0.268839,"Cohen's d (between-group, yoga vs control post-test)",d_direct,d_direct,0.428323,OK,d_direct
Wu,2011,846,417,429,1,RCT,Asia,China,upper-middle income,ptsd symptoms,continuous,no,yes,no,no,no,,2.237705,0.087684,Cohen's d,2.237705,"Cohen's d (between-group, from mean reduction/SD)",d_converted,d_derived_from_mean_reduction/SD),0.087684,MANUAL_REVIEW,d_converted
Wu,2011,846,417,429,2,RCT,Asia,China,upper-middle income,anxiety,continuous,no,yes,no,no,no,,1.115385,0.073921,Cohen's d,1.115385,"Cohen's d (between-group, from mean reduction/SD)",d_converted,d_derived_from_mean_reduction/SD),0.073921,MANUAL_REVIEW,d_converted
Wu,2011,846,417,429,3,RCT,Asia,China,upper-middle income,depression,continuous,no,yes,no,no,no,,1.217391,0.074867,Cohen's d,1.217391,"Cohen's d (between-group, from mean reduction/SD)",d_converted,d_derived_from_mean_reduction/SD),0.074867,MANUAL_REVIEW,d_converted
Kotozaki,2014,30,15,15,1,RCT,Asia,Japan,high income,quality of life,binary,no,no,no,yes,no,,-0.272462,0.366839,Cohen's d,-0.272462,"Cohen's d (between-group, Individual HT vs Control post-test)",d_direct,d_direct,0.366839,MANUAL_REVIEW,d_direct
Kotozaki,2014,30,15,15,2,RCT,Asia,Japan,high income,depressive symptoms,binary,no,yes,no,no,no,,-0.881378,0.382466,Cohen's d,-0.881378,"Cohen's d (between-group, Individual HT vs Control post-test)",d_direct,d_direct,0.382466,MANUAL_REVIEW,d_direct
Kotozaki,2014,30,15,15,3,RCT,Asia,Japan,high income,emotional intelligence,binary,no,no,no,no,yes,,0.955812,0.385434,Cohen's d,0.955812,"Cohen's d (between-group, Individual HT vs Control post-test)",d_direct,d_direct,0.385434,MANUAL_REVIEW,d_direct
Kotozaki,2014,30,15,15,4,RCT,Asia,Japan,high income,mental health,binary,no,yes,no,no,no,,-0.232966,0.366385,Cohen's d,-0.232966,"Cohen's d (between-group, Individual HT vs Control post-test)",d_direct,d_direct,0.366385,MANUAL_REVIEW,d_direct
Kotozaki,2014,30,15,15,5,RCT,Asia,Japan,high income,mood state,binary,no,yes,no,no,no,,-0.122965,0.365493,Cohen's d,-0.122965,"Cohen's d (between-group, Individual HT vs Control post-test)",d_direct,d_direct,0.365493,MANUAL_REVIEW,d_direct
Kotozaki,2014,30,15,15,6,RCT,Asia,Japan,high income,salivary cortical levels,binary,no,no,yes,no,no,,-0.171621,0.36582,Cohen's d,-0.171621,"Cohen's d (between-group, Individual HT vs Control post-test)",d_direct,d_direct,0.36582,MANUAL_REVIEW,d_direct
Kotozaki,2014,30,15,15,7,RCT,Asia,Japan,high income,quality of life,binary,no,no,yes,no,no,,-0.442322,0.369586,Cohen's d,-0.442322,"Cohen's d (between-group, Group HT vs Control post-test)",d_direct,d_direct,0.369586,MANUAL_REVIEW,d_direct
Kotozaki,2014,30,15,15,8,RCT,Asia,Japan,high income,depressive symptoms,binary,no,yes,no,no,no,,-1.575989,0.418006,Cohen's d,-1.575989,"Cohen's d (between-group, Group HT vs Control post-test)",d_direct,d_direct,0.418006,MANUAL_REVIEW,d_direct
Kotozaki,2014,30,15,15,9,RCT,Asia,Japan,high income,emotional intelligence,binary,no,no,no,no,yes,,0.224071,0.366292,Cohen's d,0.224071,"Cohen's d (between-group, Group HT vs Control post-test)",d_direct,d_direct,0.366292,MANUAL_REVIEW,d_direct
Kotozaki,2014,30,15,15,10,RCT,Asia,Japan,high income,mental health,binary,no,yes,no,no,no,,-0.486532,0.370511,Cohen's d,-0.486532,"Cohen's d (between-group, Group HT vs Control post-test)",d_direct,d_direct,0.370511,MANUAL_REVIEW,d_direct
Kotozaki,2014,30,15,15,11,RCT,Asia,Japan,high income,mood state,binary,no,yes,no,no,no,,-0.503673,0.370893,Cohen's d,-0.503673,"Cohen's d (between-group, Group HT vs Control post-test)",d_direct,d_direct,0.370893,MANUAL_REVIEW,d_direct
Kotozaki,2014,30,15,15,12,RCT,Asia,Japan,high income,salivary cortical levels,binary,no,no,yes,no,no,,-2.372601,0.476607,Cohen's d,-2.372601,"Cohen's d (between-group, Group HT vs Control post-test)",d_direct,d_direct,0.476607,MANUAL_REVIEW,d_direct
Kotozaki,2013,20,20,,1,RCT,Asia,Japan,high income,pstd symptoms,continuous,no,yes,no,no,no,,1.257143,0.299183,Cohen's d,1.257143,"Cohen's d_z (within, from change/SD)",d_converted,d_derived_from_change/SD),0.299183,OK,d_converted
Kotozaki,2013,20,20,,2,RCT,Asia,Japan,high income,depression,continuous,no,yes,no,no,no,,0.898058,0.264882,Cohen's d,0.898058,"Cohen's d_z (within, from change/SD)",d_converted,d_derived_from_change/SD),0.264882,OK,d_converted
Kotozaki,2013,20,20,,3,RCT,Asia,Japan,high income,psychological change experienced,continuous,no,yes,no,no,no,,9.423077,1.506605,Cohen's d,9.423077,"Cohen's d_z (within, from change/SD)",d_converted,d_derived_from_change/SD),1.506605,OK,d_converted
Kotozaki,2013,20,20,,4,RCT,Asia,Japan,high income,physical qol,continuous,no,no,no,yes,no,,6.978261,1.12579,Cohen's d,6.978261,"Cohen's d_z (within, from change/SD)",d_converted,d_derived_from_change/SD),1.12579,OK,d_converted
Kotozaki,2013,20,20,,5,RCT,Asia,Japan,high income,psychological qol,continuous,no,no,no,yes,no,,6.528302,1.056157,Cohen's d,6.528302,"Cohen's d_z (within, from change/SD)",d_converted,d_derived_from_change/SD),1.056157,OK,d_converted
Kotozaki,2013,20,20,,6,RCT,Asia,Japan,high income,social qol,continuous,no,no,no,yes,no,,6.781818,1.095366,Cohen's d,6.781818,"Cohen's d_z (within, from change/SD)",d_converted,d_derived_from_change/SD),1.095366,OK,d_converted
Kotozaki,2013,20,20,,7,RCT,Asia,Japan,high income,environmental qol,continuous,no,no,no,yes,no,,6.895833,1.11302,Cohen's d,6.895833,"Cohen's d_z (within, from change/SD)",d_converted,d_derived_from_change/SD),1.11302,OK,d_converted
Kotozaki,2013,20,20,,9,RCT,Asia,Japan,high income,salivary cortisol level,continuous,no,no,no,yes,no,,0.93865,0.268378,Cohen's d,0.93865,"Cohen's d_z (within, from change/SD)",d_converted,d_derived_from_change/SD),0.268378,OK,d_converted
Kotozaki,2013b,54,27,27,1,RCT,Asia,Japan,high income,ptsd symptoms,continuous,no,yes,no,no,no,,-0.737298,0.281261,Cohen's d,-0.737298,"Cohen's d (between-group, post-test comparison)",d_direct,d_direct,0.281261,OK,d_direct
Kotozaki,2013b,54,27,27,2,RCT,Asia,Japan,high income,quality of life,continuous,no,no,no,yes,no,,0.467195,0.275853,Cohen's d,0.467195,"Cohen's d (between-group, post-test comparison)",d_direct,d_direct,0.275853,OK,d_direct
Kotozaki,2013b,54,27,27,3,RCT,Asia,Japan,high income,depression,continuous,no,yes,no,no,no,,-0.109455,0.272369,Cohen's d,-0.109455,"Cohen's d (between-group, post-test comparison)",d_direct,d_direct,0.272369,OK,d_direct
Kotozaki,2013b,54,27,27,4,RCT,Asia,Japan,high income,general health,continuous,no,no,yes,no,no,,-0.134619,0.272474,Cohen's d,-0.134619,"Cohen's d (between-group, post-test comparison)",d_direct,d_direct,0.272474,OK,d_direct
Kotozaki,2013b,54,27,27,5,RCT,Asia,Japan,high income,positive affect,continuous,no,no,no,yes,no,,0.315039,0.273849,Cohen's d,0.315039,"Cohen's d (between-group, post-test comparison)",d_direct,d_direct,0.273849,OK,d_direct
Kotozaki,2013b,54,27,27,6,RCT,Asia,Japan,high income,negative affect,continuous,no,no,no,yes,no,,-0.548102,0.277229,Cohen's d,-0.548102,"Cohen's d (between-group, post-test comparison)",d_direct,d_direct,0.277229,OK,d_direct
Kotozaki,2013b,54,27,27,7,RCT,Asia,Japan,high income,psychological change experienced,continuous,no,yes,no,no,no,,0.3445,0.274177,Cohen's d,0.3445,"Cohen's d (between-group, post-test comparison)",d_direct,d_direct,0.274177,OK,d_direct
Kotozaki,2013b,54,27,27,8,RCT,Asia,Japan,high income,salivary cortisol level,continuous,no,no,yes,no,no,,-0.999527,0.28866,Cohen's d,-0.999527,"Cohen's d (between-group, post-test comparison)",d_direct,d_direct,0.28866,OK,d_direct
Makizako,2019,55,27,28,1,RCT,Asia,Japan,high income,depression,continuous,no,yes,no,no,no,,0.071022,0.26981,Cohen's d,0.071022,"Cohen's d (between-group, Exercise vs Control post-test)",d_direct,d_direct,0.26981,MANUAL_REVIEW,d_direct
Makizako,2019,55,27,28,2,RCT,Asia,Japan,high income,immediate logical memory,continuous,yes,no,no,no,no,,0.652893,0.276815,Cohen's d,0.652893,"Cohen's d (between-group, Exercise vs Control post-test)",d_direct,d_direct,0.276815,MANUAL_REVIEW,d_direct
Makizako,2019,55,27,28,3,RCT,Asia,Japan,high income,delayed logical memory,continuous,yes,no,no,no,no,,0.506289,0.27401,Cohen's d,0.506289,"Cohen's d (between-group, Exercise vs Control post-test)",d_direct,d_direct,0.27401,MANUAL_REVIEW,d_direct
Makizako,2019,55,27,28,4,RCT,Asia,Japan,high income,immedate word list memory,continuous,yes,no,no,no,no,,-0.181818,0.270281,Cohen's d,-0.181818,"Cohen's d (between-group, Exercise vs Control post-test)",d_direct,d_direct,0.270281,MANUAL_REVIEW,d_direct
Makizako,2019,55,27,28,5,RCT,Asia,Japan,high income,delayed word list memory,continuous,yes,no,no,no,no,,0.185595,0.270304,Cohen's d,0.185595,"Cohen's d (between-group, Exercise vs Control post-test)",d_direct,d_direct,0.270304,MANUAL_REVIEW,d_direct
Makizako,2019,54,26,28,6,RCT,Asia,Japan,high income,depression,continuous,no,yes,no,no,no,,-0.137604,0.272674,Cohen's d,-0.137604,"Cohen's d (between-group, Horticulture vs Control post-test)",d_direct,d_direct,0.272674,MANUAL_REVIEW,d_direct
Makizako,2019,54,26,28,7,RCT,Asia,Japan,high income,immediate logical memory,continuous,yes,no,no,no,no,,-0.397413,0.275024,Cohen's d,-0.397413,"Cohen's d (between-group, Horticulture vs Control post-test)",d_direct,d_direct,0.275024,MANUAL_REVIEW,d_direct
Makizako,2019,54,26,28,8,RCT,Asia,Japan,high income,delayed logical memory,continuous,yes,no,no,no,no,,-0.153846,0.272754,Cohen's d,-0.153846,"Cohen's d (between-group, Horticulture vs Control post-test)",d_direct,d_direct,0.272754,MANUAL_REVIEW,d_direct
Makizako,2019,54,26,28,9,RCT,Asia,Japan,high income,immedate word list memory,continuous,yes,no,no,no,no,,-0.5322,0.277125,Cohen's d,-0.5322,"Cohen's d (between-group, Horticulture vs Control post-test)",d_direct,d_direct,0.277125,MANUAL_REVIEW,d_direct
Makizako,2019,54,26,28,10,RCT,Asia,Japan,high income,delayed word list memory,continuous,yes,no,no,no,no,,-0.758473,0.281962,Cohen's d,-0.758473,"Cohen's d (between-group, Horticulture vs Control post-test)",d_direct,d_direct,0.281962,MANUAL_REVIEW,d_direct
Stigsdotter,2018,84,39,37,1,RCT,Europe,Denmark,high income,perceived general well-being,continuous,no,no,no,yes,no,,0.24952335514317,0.110794261948558,Cohen's d,0.24952335514317,"Cohen's d_z (within, from F via partial eta-squared)",d_converted,d_derived_from_partial_eta-squared),0.110794261948558,MANUAL_REVIEW,d_converted
Stigsdotter,2018,84,39,37,2,RCT,Europe,Denmark,high income,perceived general well-being,continuous,no,no,no,yes,no,,0.249523,0.110794,Cohen's d,0.249523,"Cohen's d_z (within, converted from omega-squared)",d_converted,d_derived_from_omega-squared),0.110794,MANUAL_REVIEW,d_converted
Olafsdottir,2018,60,30,30,1,RCT,Europe,Iceland,high income,cortisol levels,continuous,no,no,yes,no,no,,0.666666666666667,0.216595429884644,Cohen's d,0.1,Partial eta-squared,d_from_eta2,eta2_to_d: d=2*sqrt(eta2/(1-eta2)) [se_from_N_approx] [eta2_partial],,MANUAL_REVIEW,d_from_eta2
Olafsdottir,2018,60,30,30,2,RCT,Europe,Iceland,high income,hr & hrv,continuous,no,no,yes,no,no,,0.589767824619589,0.215352760823266,Cohen's d,0.08,Partial eta-squared,d_from_eta2,eta2_to_d: d=2*sqrt(eta2/(1-eta2)) [se_from_N_approx] [eta2_partial],,MANUAL_REVIEW,d_from_eta2
Giannopoulou,2006,17,17,,1,quasi-experimental,Europe,Greece,high income,ptsd symptoms total (cries-13),continuous,no,yes,no,no,no,,6.0633906259,1.0677726389,Cohen's d,6.0633906259,"Cohen's d_z (within, from pairwise t = Mean Diff/SE)",d_converted,d_derived_from_pairwise_t_=_Mean_Diff/SE),1.0677726389,,d_converted
Giannopoulou,2006,17,17,,2,quasi-experimental,Europe,Greece,high income,ptsd intrusion symptoms (cries-13),continuous,no,yes,no,no,no,,2.4286337588,0.4819769928,Cohen's d,2.4286337588,"Cohen's d_z (within, from pairwise t = Mean Diff/SE)",d_converted,d_derived_from_pairwise_t_=_Mean_Diff/SE),0.4819769928,,d_converted
Giannopoulou,2006,17,17,,3,quasi-experimental,Europe,Greece,high income,ptsd avoidance symptoms (cries-13),continuous,no,yes,no,no,no,,2.4590417538,0.4864906246,Cohen's d,2.4590417538,"Cohen's d_z (within, from pairwise t = Mean Diff/SE)",d_converted,d_derived_from_pairwise_t_=_Mean_Diff/SE),0.4864906246,,d_converted
Giannopoulou,2006,17,17,,4,quasi-experimental,Europe,Greece,high income,ptsd arousal symptoms (cries-13),continuous,no,yes,no,no,no,,2.9437761489,0.5600897516,Cohen's d,2.9437761489,"Cohen's d_z (within, from pairwise t = Mean Diff/SE)",d_converted,d_derived_from_pairwise_t_=_Mean_Diff/SE),0.5600897516,,d_converted
Giannopoulou,2006,17,17,,5,quasi-experimental,Europe,Greece,high income,depression (dsrs),continuous,no,yes,no,no,no,,2.169531002,0.4441404378,Cohen's d,2.169531002,"Cohen's d_z (within, from pairwise t = Mean Diff/SE)",d_converted,d_derived_from_pairwise_t_=_Mean_Diff/SE),0.4441404378,,d_converted
Giannopoulou,2006,17,17,,6,quasi-experimental,Europe,Greece,high income,psychosocial functioning (sdq impact),continuous,yes,no,no,no,no,,3.2569069648,0.6089393618,Cohen's d,3.2569069648,"Cohen's d_z (within, from pairwise t = Mean Diff/SE)",d_converted,d_derived_from_pairwise_t_=_Mean_Diff/SE),0.6089393618,,d_converted
Gotink,2016,29,29,29,5,quasi-experimental,Europe,Netherlands,high income,depression,continuous,no,yes,no,no,no,,0.27,0.267857142857143,Cohen's d,0.27,Cohen's d,d_direct,d_direct,0.267857142857143,MANUAL_REVIEW,d_direct
Gotink,2016,29,29,29,6,quasi-experimental,Europe,Netherlands,high income,anxiety,continuous,no,yes,no,no,no,,0.45,0.270408163265306,Cohen's d,0.45,Cohen's d,d_direct,d_direct,0.270408163265306,MANUAL_REVIEW,d_direct
Gotink,2016,29,29,29,7,quasi-experimental,Europe,Netherlands,high income,stress,continuous,no,yes,no,no,no,,0.49,0.272959183673469,Cohen's d,0.49,Cohen's d,d_direct,d_direct,0.272959183673469,MANUAL_REVIEW,d_direct
Gotink,2016,29,29,29,8,quasi-experimental,Europe,Netherlands,high income,brooding,continuous,no,no,no,no,yes,,0.53,0.271938775510204,Cohen's d,0.53,Cohen's d,d_direct,d_direct,0.271938775510204,MANUAL_REVIEW,d_direct
Gotink,2016,29,29,29,9,quasi-experimental,Europe,Netherlands,high income,mindfulness decentering,continuous,no,no,no,yes,no,,0.53,0.271683673469388,Cohen's d,0.53,Cohen's d,d_direct,d_direct,0.271683673469388,MANUAL_REVIEW,d_direct
Gotink,2016,29,29,29,10,quasi-experimental,Europe,Netherlands,high income,mindfulness curiosity,continuous,no,no,no,yes,no,,0.2,0.267857142857143,Cohen's d,0.2,Cohen's d,d_direct,d_direct,0.267857142857143,MANUAL_REVIEW,d_direct
Vujcic,2017,30,16,14,1,RCT,Europe,Serbia,upper-middle income,depression,binary,no,yes,no,no,no,,0.392029,0.369446,Cohen's d,0.392029,Cohen's d (from eta²),d_converted,d_derived_from_eta²),0.369446,OK,d_converted
Vujcic,2017,30,16,14,2,RCT,Europe,Serbia,upper-middle income,anxiety,binary,no,yes,no,no,no,,0.418766,0.369934,Cohen's d,0.418766,Cohen's d (from eta²),d_converted,d_derived_from_eta²),0.369934,OK,d_converted
Vujcic,2017,30,16,14,3,RCT,Europe,Serbia,upper-middle income,stress,binary,no,yes,no,no,no,,0.882594,0.38329,Cohen's d,0.882594,Cohen's d (from eta²),d_converted,d_derived_from_eta²),0.38329,OK,d_converted
Zhu,2014,210,129,81,1,RCT,Asia,China,upper-middle income,behavioral changes in intrusion and avoidance,continuous,no,no,no,no,yes,,0.473144,0.143634,Cohen's d,0.473144,Cohen's d (from partial eta²),d_converted,d_derived_from_partial_eta²),0.143634,OK,d_converted
Zhu,2014,210,129,81,2,RCT,Asia,China,upper-middle income,behavioral changes in arousal,continuous,no,no,no,no,yes,,0.255031,0.142311,Cohen's d,0.255031,Cohen's d (from partial eta²),d_converted,d_derived_from_partial_eta²),0.142311,OK,d_converted
Zhu,2014,80,41,39,3,RCT,Asia,China,upper-middle income,salivary cortisol (physiological stress marker),continuous,no,no,yes,no,no,,0.589768,0.228485,Cohen's d,0.589768,Cohen's d (from partial eta²),d_converted,d_derived_from_partial_eta²),0.228485,,d_converted
Vujcic,2017,30,16,14,1,RCT,Europe,Serbia,upper-middle income,dass21 depression,continuous self-report symptom score,no,yes,no,no,no,,1.11774050298851,0.392626706342912,Cohen's d,0.238,eta squared,d_from_eta2,eta2_to_d: d=2*sqrt(eta2/(1-eta2)) [se_from_N_approx] [eta2],,,d_from_eta2
Vujcic,2017,30,16,14,2,RCT,Europe,Serbia,upper-middle income,dass21 anxiety,continuous self-report symptom score,no,yes,no,no,no,,1.24103432868964,0.398751514207912,Cohen's d,0.278,eta squared,d_from_eta2,eta2_to_d: d=2*sqrt(eta2/(1-eta2)) [se_from_N_approx] [eta2],,,d_from_eta2
Vujcic,2017,30,16,14,3,RCT,Europe,Serbia,upper-middle income,dass21 stress,continuous self-report symptom score,no,yes,no,no,no,,1.76562672227737,0.430453979778325,Cohen's d,0.438,eta squared,d_from_eta2,eta2_to_d: d=2*sqrt(eta2/(1-eta2)) [se_from_N_approx] [eta2],,,d_from_eta2
Vujcic,2017,30,16,14,4,RCT,Europe,Serbia,upper-middle income,dass21 depression,continuous self-report symptom score,no,yes,no,no,no,,0.392028566149268,0.368639082678371,Cohen's d,0.037,eta squared,d_from_eta2,eta2_to_d: d=2*sqrt(eta2/(1-eta2)) [se_from_N_approx] [eta2],,,d_from_eta2
Vujcic,2017,30,16,14,5,RCT,Europe,Serbia,upper-middle income,dass21 anxiety,continuous self-report symptom score,no,yes,no,no,no,,0.418766455757432,0.369128824496897,Cohen's d,0.042,eta squared,d_from_eta2,eta2_to_d: d=2*sqrt(eta2/(1-eta2)) [se_from_N_approx] [eta2],,,d_from_eta2
Vujcic,2017,30,16,14,6,RCT,Europe,Serbia,upper-middle income,dass21 stress,continuous self-report symptom score,no,yes,no,no,no,,0.882594199452956,0.38251301766319,Cohen's d,0.163,eta squared,d_from_eta2,eta2_to_d: d=2*sqrt(eta2/(1-eta2)) [se_from_N_approx] [eta2],,,d_from_eta2
Vujcic,2017,30,16,14,7,RCT,Europe,Serbia,upper-middle income,dass21 depression,continuous self-report symptom score,no,yes,no,no,no,,0.31362502409359,0.367386278453113,Cohen's d,0.024,eta squared,d_from_eta2,eta2_to_d: d=2*sqrt(eta2/(1-eta2)) [se_from_N_approx] [eta2],,,d_from_eta2
Vujcic,2017,30,16,14,8,RCT,Europe,Serbia,upper-middle income,dass21 anxiety,continuous self-report symptom score,no,yes,no,no,no,,0.473143568407347,0.370222114329701,Cohen's d,0.053,eta squared,d_from_eta2,eta2_to_d: d=2*sqrt(eta2/(1-eta2)) [se_from_N_approx] [eta2],,,d_from_eta2
Vujcic,2017,30,16,14,9,RCT,Europe,Serbia,upper-middle income,dass21 stress,continuous self-report symptom score,no,yes,no,no,no,,0.109709198907726,0.365422953765564,Cohen's d,0.003,eta squared,d_from_eta2,eta2_to_d: d=2*sqrt(eta2/(1-eta2)) [se_from_N_approx] [eta2],,,d_from_eta2
Vujcic,2017,30,16,14,10,RCT,Europe,Serbia,upper-middle income,dass21 stress,continuous self-report symptom score,no,yes,no,no,no,,0.882594199452956,0.38251301766319,Cohen's d,0.163,eta squared,d_from_eta2,eta2_to_d: d=2*sqrt(eta2/(1-eta2)) [se_from_N_approx] [eta2],,,d_from_eta2
Vujcic,2017,30,16,14,11,RCT,Europe,Serbia,upper-middle income,das_depression change (post-pre),pre-post change in self-report symptom score,no,yes,no,no,no,,0.444152871596396,0.369623046119226,Cohen's d,0.047,eta squared,d_from_eta2,eta2_to_d: d=2*sqrt(eta2/(1-eta2)) [se_from_N_approx] [eta2],,,d_from_eta2
Vujcic,2017,30,16,14,12,RCT,Europe,Serbia,upper-middle income,das_depression change (post-pre),pre-post change in self-report symptom score,no,yes,no,no,no,,0,0.365148371670111,Cohen's d,0,eta squared,d_from_eta2,eta2_to_d: d=2*sqrt(eta2/(1-eta2)) [se_from_N_approx] [eta2],,,d_from_eta2
Vujcic,2017,30,16,14,13,RCT,Europe,Serbia,upper-middle income,das_depression change (post-pre),pre-post change in self-report symptom score,no,yes,no,no,no,,0.201007563051842,0.366069302191175,Cohen's d,0.01,eta squared,d_from_eta2,eta2_to_d: d=2*sqrt(eta2/(1-eta2)) [se_from_N_approx] [eta2],,,d_from_eta2
Vujcic,2017,30,16,14,14,RCT,Europe,Serbia,upper-middle income,das_anxiety change (post-pre),pre-post change in self-report symptom score,no,yes,no,no,no,,0.769689874475599,0.378427062608509,Cohen's d,0.129,eta squared,d_from_eta2,eta2_to_d: d=2*sqrt(eta2/(1-eta2)) [se_from_N_approx] [eta2],,,d_from_eta2
Vujcic,2017,30,16,14,15,RCT,Europe,Serbia,upper-middle income,das_anxiety change (post-pre),pre-post change in self-report symptom score,no,yes,no,no,no,,0.552906012992665,0.372059696357172,Cohen's d,0.071,eta squared,d_from_eta2,eta2_to_d: d=2*sqrt(eta2/(1-eta2)) [se_from_N_approx] [eta2],,,d_from_eta2
Vujcic,2017,30,16,14,16,RCT,Europe,Serbia,upper-middle income,das_anxiety change (post-pre),pre-post change in self-report symptom score,no,yes,no,no,no,,0.745525758130761,0.377619929206525,Cohen's d,0.122,eta squared,d_from_eta2,eta2_to_d: d=2*sqrt(eta2/(1-eta2)) [se_from_N_approx] [eta2],,,d_from_eta2
Vujcic,2017,30,16,14,17,RCT,Europe,Serbia,upper-middle income,das_stress change (post-pre),pre-post change in self-report symptom score,no,yes,no,no,no,,1.08072135924611,0.390895524326956,Cohen's d,0.226,eta squared,d_from_eta2,eta2_to_d: d=2*sqrt(eta2/(1-eta2)) [se_from_N_approx] [eta2],,,d_from_eta2
Vujcic,2017,30,16,14,18,RCT,Europe,Serbia,upper-middle income,das_stress change (post-pre),pre-post change in self-report symptom score,no,yes,no,no,no,,0.625123478472047,0.373960322390335,Cohen's d,0.089,eta squared,d_from_eta2,eta2_to_d: d=2*sqrt(eta2/(1-eta2)) [se_from_N_approx] [eta2],,,d_from_eta2
Vujcic,2017,30,16,14,19,RCT,Europe,Serbia,upper-middle income,das_stress change (post-pre),pre-post change in self-report symptom score,no,yes,no,no,no,,0.402903096670864,0.36883444581788,Cohen's d,0.039,eta squared,d_from_eta2,eta2_to_d: d=2*sqrt(eta2/(1-eta2)) [se_from_N_approx] [eta2],,,d_from_eta2
Vujcic,2017,30,16,14,20,RCT,Europe,Serbia,upper-middle income,das_total change (post-pre),pre-post change in self-report symptom score,no,yes,no,no,no,,0.783332719821105,0.378893348009312,Cohen's d,0.133,eta squared,d_from_eta2,eta2_to_d: d=2*sqrt(eta2/(1-eta2)) [se_from_N_approx] [eta2],,,d_from_eta2
Vujcic,2017,30,16,14,21,RCT,Europe,Serbia,upper-middle income,das_total change (post-pre),pre-post change in self-report symptom score,no,yes,no,no,no,,0.392028566149268,0.368639082678371,Cohen's d,0.037,eta squared,d_from_eta2,eta2_to_d: d=2*sqrt(eta2/(1-eta2)) [se_from_N_approx] [eta2],,,d_from_eta2
Vujcic,2017,30,16,14,22,RCT,Europe,Serbia,upper-middle income,das_total change (post-pre),pre-post change in self-report symptom score,no,yes,no,no,no,,0.453981104587865,0.36982200320611,Cohen's d,0.049,eta squared,d_from_eta2,eta2_to_d: d=2*sqrt(eta2/(1-eta2)) [se_from_N_approx] [eta2],,,d_from_eta2
Vujcic,2017,30,16,14,23,RCT,Europe,Serbia,upper-middle income,das_depression change (post-pre),pre-post change in self-report symptom score,no,yes,no,no,no,,0.299965914900759,0.367196122667035,Cohen's d,0.022,eta squared,d_from_eta2,eta2_to_d: d=2*sqrt(eta2/(1-eta2)) [se_from_N_approx] [eta2],,,d_from_eta2
Vujcic,2017,30,16,14,24,RCT,Europe,Serbia,upper-middle income,das_depression change (post-pre),pre-post change in self-report symptom score,no,yes,no,no,no,,0.786725901659404,0.379010502148727,Cohen's d,0.134,eta squared,d_from_eta2,eta2_to_d: d=2*sqrt(eta2/(1-eta2)) [se_from_N_approx] [eta2],,,d_from_eta2
Vujcic,2017,30,16,14,25,RCT,Europe,Serbia,upper-middle income,das_depression change (post-pre),pre-post change in self-report symptom score,no,yes,no,no,no,,0.089532296207169,0.365331265932353,Cohen's d,0.002,eta squared,d_from_eta2,eta2_to_d: d=2*sqrt(eta2/(1-eta2)) [se_from_N_approx] [eta2],,,d_from_eta2
Vujcic,2017,30,16,14,26,RCT,Europe,Serbia,upper-middle income,das_anxiety change (post-pre),pre-post change in self-report symptom score,no,yes,no,no,no,,0.31362502409359,0.367386278453113,Cohen's d,0.024,eta squared,d_from_eta2,eta2_to_d: d=2*sqrt(eta2/(1-eta2)) [se_from_N_approx] [eta2],,,d_from_eta2
Vujcic,2017,30,16,14,27,RCT,Europe,Serbia,upper-middle income,das_anxiety change (post-pre),pre-post change in self-report symptom score,no,yes,no,no,no,,0.255030685225335,0.366629709889204,Cohen's d,0.016,eta squared,d_from_eta2,eta2_to_d: d=2*sqrt(eta2/(1-eta2)) [se_from_N_approx] [eta2],,,d_from_eta2
Vujcic,2017,30,16,14,28,RCT,Europe,Serbia,upper-middle income,das_anxiety change (post-pre),pre-post change in self-report symptom score,no,yes,no,no,no,,0.155386193773101,0.365698985260084,Cohen's d,0.006,eta squared,d_from_eta2,eta2_to_d: d=2*sqrt(eta2/(1-eta2)) [se_from_N_approx] [eta2],,,d_from_eta2
Vujcic,2017,30,16,14,29,RCT,Europe,Serbia,upper-middle income,das_stress change (post-pre),pre-post change in self-report symptom score,no,yes,no,no,no,,0.776525559633485,0.378659740505116,Cohen's d,0.131,eta squared,d_from_eta2,eta2_to_d: d=2*sqrt(eta2/(1-eta2)) [se_from_N_approx] [eta2],,,d_from_eta2
Vujcic,2017,30,16,14,30,RCT,Europe,Serbia,upper-middle income,das_stress change (post-pre),pre-post change in self-report symptom score,no,yes,no,no,no,,0.333161997761318,0.367672791957566,Cohen's d,0.027,eta squared,d_from_eta2,eta2_to_d: d=2*sqrt(eta2/(1-eta2)) [se_from_N_approx] [eta2],,,d_from_eta2
Vujcic,2017,30,16,14,31,RCT,Europe,Serbia,upper-middle income,das_stress change (post-pre),pre-post change in self-report symptom score,no,yes,no,no,no,,0.0632771997168333,0.365239738710617,Cohen's d,0.001,eta squared,d_from_eta2,eta2_to_d: d=2*sqrt(eta2/(1-eta2)) [se_from_N_approx] [eta2],,,d_from_eta2
Vujcic,2017,30,16,14,32,RCT,Europe,Serbia,upper-middle income,das_total change (post-pre),pre-post change in self-report symptom score,no,yes,no,no,no,,0.487122300447455,0.370524136316678,Cohen's d,0.056,eta squared,d_from_eta2,eta2_to_d: d=2*sqrt(eta2/(1-eta2)) [se_from_N_approx] [eta2],,,d_from_eta2
Vujcic,2017,30,16,14,33,RCT,Europe,Serbia,upper-middle income,das_total change (post-pre),pre-post change in self-report symptom score,no,yes,no,no,no,,0.518597567001106,0.371235402328035,Cohen's d,0.063,eta squared,d_from_eta2,eta2_to_d: d=2*sqrt(eta2/(1-eta2)) [se_from_N_approx] [eta2],,,d_from_eta2
Vujcic,2017,30,16,14,34,RCT,Europe,Serbia,upper-middle income,das_total change (post-pre),pre-post change in self-report symptom score,no,yes,no,no,no,,0,0.365148371670111,Cohen's d,0,eta squared,d_from_eta2,eta2_to_d: d=2*sqrt(eta2/(1-eta2)) [se_from_N_approx] [eta2],,,d_from_eta2
Çiçek,2026,72,36,36,72,RCT,Asia,Turkey,Upper-middle income,Climate change awareness,Continuous,no,no,no,no,yes,Policy/intervention,3.12939346332095,0.351515601916621,Cohen's d,0.71,eta squared,parcial eta squared,eta2_to_d: d=2*sqrt(eta2/(1-eta2)) [se_from_N_approx] [eta2],,,
Çiçek,2026,72,36,36,72,RCT,Asia,Turkey,Upper-middle income,Climate anxiety,Continuous,no,yes,no,no,no,Policy/intervention,3.46410161513775,0.372677996249965,Cohen's d,0.75,eta squared,parcial eta squared,eta2_to_d: d=2*sqrt(eta2/(1-eta2)) [se_from_N_approx] [eta2],,,
Çiçek,2026,72,36,36,72,RCT,Asia,Turkey,Upper-middle income,Eco-friendly choices,Continuous,no,no,no,no,yes,Policy/intervention,1.5,0.266796843226369,Cohen's d,0.36,eta squared,parcial eta squared,eta2_to_d: d=2*sqrt(eta2/(1-eta2)) [se_from_N_approx] [eta2],,,
Çiçek,2026,72,36,36,72,RCT,Asia,Turkey,Upper-middle income,Responsible consumption behavior,Continuous,no,no,no,no,yes,Policy/intervention,1.30930734141595,0.25973124082466,Cohen's d,0.3,eta squared,parcial eta squared,eta2_to_d: d=2*sqrt(eta2/(1-eta2)) [se_from_N_approx] [eta2],,,
Çelik,2026,154,77,77,154,RCT,Asia,Turkey,Upper-middle income,Climate Change Hope,Continuous,no,no,no,no,yes,Policy/intervention,1.48,0.181894789055966,Cohen's d,1.48,d cohen,d cohen,,,,
Çelik,2026,154,77,77,154,RCT,Asia,Turkey,Upper-middle income,Climate Change Awareness,Continuous,no,no,no,no,yes,Policy/intervention,1.3,0.177372599239677,Cohen's d,1.3,d cohen,d cohen,,,,
Kiliç,2026,288,144,144,288,RCT,Asia,Turkey,Upper-middle income,Climate Change Awareness Scale for Pregnant Women,Continuous,no,no,no,no,yes,Policy/intervention,-1.31,0.129877747003352,Cohen's d,-1.31,d cohen,d cohen,,,,
Kiliç,2026,288,144,144,288,RCT,Asia,Turkey,Upper-middle income,Climate Change Hope Scale,Continuous,no,no,no,no,yes,Policy/intervention,-0.87,0.123300248940904,Cohen's d,-0.87,d cohen,d cohen,,,,
